Ação Governo;Grupo de Natureza de Despesa;Liquidacoes Totais (Exercicio E Rpnp);Unidade Orçamentária
20RI FUNCIONAMENTO DAS INSTITUICOES FEDERAIS DE EDUCACAO BASICA;33914712 - Contribuição p/ o PIS/PASEP;2723,66;26201
20RL FUNCIONAMENTO DAS INSTITUICOES DA REDE FEDERAL DE EDUCACAO P;33914712 - Contribuição p/ o PIS/PASEP;3999,99;26256
20RL FUNCIONAMENTO DAS INSTITUICOES DA REDE FEDERAL DE EDUCACAO P;33914712 - Contribuição p/ o PIS/PASEP;18226,12;26257
20RL FUNCIONAMENTO DAS INSTITUICOES DA REDE FEDERAL DE EDUCACAO P;33914712 - Contribuição p/ o PIS/PASEP;2042,94;26402
20RL FUNCIONAMENTO DAS INSTITUICOES DA REDE FEDERAL DE EDUCACAO P;33914712 - Contribuição p/ o PIS/PASEP;1630,22;26404
20RL FUNCIONAMENTO DAS INSTITUICOES DA REDE FEDERAL DE EDUCACAO P;33914712 - Contribuição p/ o PIS/PASEP;5087,31;26405
20RL FUNCIONAMENTO DAS INSTITUICOES DA REDE FEDERAL DE EDUCACAO P;33914712 - Contribuição p/ o PIS/PASEP;40676,56;26406
20RL FUNCIONAMENTO DAS INSTITUICOES DA REDE FEDERAL DE EDUCACAO P;33914712 - Contribuição p/ o PIS/PASEP;10741,65;26407
20RL FUNCIONAMENTO DAS INSTITUICOES DA REDE FEDERAL DE EDUCACAO P;33914712 - Contribuição p/ o PIS/PASEP;127631,88;26409
20RL FUNCIONAMENTO DAS INSTITUICOES DA REDE FEDERAL DE EDUCACAO P;33914712 - Contribuição p/ o PIS/PASEP;3895,39;26410
20RL FUNCIONAMENTO DAS INSTITUICOES DA REDE FEDERAL DE EDUCACAO P;33914712 - Contribuição p/ o PIS/PASEP;10529,22;26411
20RL FUNCIONAMENTO DAS INSTITUICOES DA REDE FEDERAL DE EDUCACAO P;33914712 - Contribuição p/ o PIS/PASEP;27658,62;26412
20RL FUNCIONAMENTO DAS INSTITUICOES DA REDE FEDERAL DE EDUCACAO P;33914712 - Contribuição p/ o PIS/PASEP;4647,69;26413
20RL FUNCIONAMENTO DAS INSTITUICOES DA REDE FEDERAL DE EDUCACAO P;33914712 - Contribuição p/ o PIS/PASEP;10490,79;26414
20RL FUNCIONAMENTO DAS INSTITUICOES DA REDE FEDERAL DE EDUCACAO P;33914712 - Contribuição p/ o PIS/PASEP;152,52;26415
20RL FUNCIONAMENTO DAS INSTITUICOES DA REDE FEDERAL DE EDUCACAO P;33914712 - Contribuição p/ o PIS/PASEP;1273,07;26417
20RL FUNCIONAMENTO DAS INSTITUICOES DA REDE FEDERAL DE EDUCACAO P;33914712 - Contribuição p/ o PIS/PASEP;2122,08;26418
20RL FUNCIONAMENTO DAS INSTITUICOES DA REDE FEDERAL DE EDUCACAO P;33914712 - Contribuição p/ o PIS/PASEP;8532,95;26419
20RL FUNCIONAMENTO DAS INSTITUICOES DA REDE FEDERAL DE EDUCACAO P;33914712 - Contribuição p/ o PIS/PASEP;7538,67;26420
20RL FUNCIONAMENTO DAS INSTITUICOES DA REDE FEDERAL DE EDUCACAO P;33914712 - Contribuição p/ o PIS/PASEP;1571,25;26421
20RL FUNCIONAMENTO DAS INSTITUICOES DA REDE FEDERAL DE EDUCACAO P;33914712 - Contribuição p/ o PIS/PASEP;8300,98;26422
20RL FUNCIONAMENTO DAS INSTITUICOES DA REDE FEDERAL DE EDUCACAO P;33914712 - Contribuição p/ o PIS/PASEP;784,42;26423
20RL FUNCIONAMENTO DAS INSTITUICOES DA REDE FEDERAL DE EDUCACAO P;33914712 - Contribuição p/ o PIS/PASEP;2131,32;26424
20RL FUNCIONAMENTO DAS INSTITUICOES DA REDE FEDERAL DE EDUCACAO P;33914712 - Contribuição p/ o PIS/PASEP;352,75;26401
20RL FUNCIONAMENTO DAS INSTITUICOES DA REDE FEDERAL DE EDUCACAO P;33914712 - Contribuição p/ o PIS/PASEP;3036,73;26427
20RL FUNCIONAMENTO DAS INSTITUICOES DA REDE FEDERAL DE EDUCACAO P;33914712 - Contribuição p/ o PIS/PASEP;2473,73;26428
20RL FUNCIONAMENTO DAS INSTITUICOES DA REDE FEDERAL DE EDUCACAO P;33914712 - Contribuição p/ o PIS/PASEP;1762,61;26429
20RL FUNCIONAMENTO DAS INSTITUICOES DA REDE FEDERAL DE EDUCACAO P;33914712 - Contribuição p/ o PIS/PASEP;1781,41;26431
20RL FUNCIONAMENTO DAS INSTITUICOES DA REDE FEDERAL DE EDUCACAO P;33914712 - Contribuição p/ o PIS/PASEP;2665,66;26432
20RL FUNCIONAMENTO DAS INSTITUICOES DA REDE FEDERAL DE EDUCACAO P;33914712 - Contribuição p/ o PIS/PASEP;5235,12;26433
20RL FUNCIONAMENTO DAS INSTITUICOES DA REDE FEDERAL DE EDUCACAO P;33914712 - Contribuição p/ o PIS/PASEP;4556,02;26434
20RL FUNCIONAMENTO DAS INSTITUICOES DA REDE FEDERAL DE EDUCACAO P;33914712 - Contribuição p/ o PIS/PASEP;25888,38;26435
20RL FUNCIONAMENTO DAS INSTITUICOES DA REDE FEDERAL DE EDUCACAO P;33914712 - Contribuição p/ o PIS/PASEP;12889,1;26436
20RL FUNCIONAMENTO DAS INSTITUICOES DA REDE FEDERAL DE EDUCACAO P;33914712 - Contribuição p/ o PIS/PASEP;80,24;26437
20RL FUNCIONAMENTO DAS INSTITUICOES DA REDE FEDERAL DE EDUCACAO P;33914712 - Contribuição p/ o PIS/PASEP;1156,79;26438
20RL FUNCIONAMENTO DAS INSTITUICOES DA REDE FEDERAL DE EDUCACAO P;33914712 - Contribuição p/ o PIS/PASEP;162,72;26439
00PI APOIO A ALIMENTACAO ESCOLAR NA EDUCACAO BASICA (PNAE);3 - outras despesas correntes;95153,62;26201
00PI APOIO A ALIMENTACAO ESCOLAR NA EDUCACAO BASICA (PNAE);3 - outras despesas correntes;136897,16;26402
00PI APOIO A ALIMENTACAO ESCOLAR NA EDUCACAO BASICA (PNAE);3 - outras despesas correntes;778343,68;26403
00PI APOIO A ALIMENTACAO ESCOLAR NA EDUCACAO BASICA (PNAE);3 - outras despesas correntes;771585,66;26404
00PI APOIO A ALIMENTACAO ESCOLAR NA EDUCACAO BASICA (PNAE);3 - outras despesas correntes;315407;26405
00PI APOIO A ALIMENTACAO ESCOLAR NA EDUCACAO BASICA (PNAE);3 - outras despesas correntes;220295,73;26406
00PI APOIO A ALIMENTACAO ESCOLAR NA EDUCACAO BASICA (PNAE);3 - outras despesas correntes;99368,52;26407
00PI APOIO A ALIMENTACAO ESCOLAR NA EDUCACAO BASICA (PNAE);3 - outras despesas correntes;695067,23;26408
00PI APOIO A ALIMENTACAO ESCOLAR NA EDUCACAO BASICA (PNAE);3 - outras despesas correntes;787955,88;26409
00PI APOIO A ALIMENTACAO ESCOLAR NA EDUCACAO BASICA (PNAE);3 - outras despesas correntes;446341,1;26410
00PI APOIO A ALIMENTACAO ESCOLAR NA EDUCACAO BASICA (PNAE);3 - outras despesas correntes;136060,77;26411
00PI APOIO A ALIMENTACAO ESCOLAR NA EDUCACAO BASICA (PNAE);3 - outras despesas correntes;218195,43;26412
00PI APOIO A ALIMENTACAO ESCOLAR NA EDUCACAO BASICA (PNAE);3 - outras despesas correntes;178602,88;26413
00PI APOIO A ALIMENTACAO ESCOLAR NA EDUCACAO BASICA (PNAE);3 - outras despesas correntes;477522,05;26414
00PI APOIO A ALIMENTACAO ESCOLAR NA EDUCACAO BASICA (PNAE);3 - outras despesas correntes;361411,13;26415
00PI APOIO A ALIMENTACAO ESCOLAR NA EDUCACAO BASICA (PNAE);3 - outras despesas correntes;278544,63;26416
00PI APOIO A ALIMENTACAO ESCOLAR NA EDUCACAO BASICA (PNAE);3 - outras despesas correntes;822818,25;26417
00PI APOIO A ALIMENTACAO ESCOLAR NA EDUCACAO BASICA (PNAE);3 - outras despesas correntes;551259,06;26418
00PI APOIO A ALIMENTACAO ESCOLAR NA EDUCACAO BASICA (PNAE);3 - outras despesas correntes;520489,29;26419
00PI APOIO A ALIMENTACAO ESCOLAR NA EDUCACAO BASICA (PNAE);3 - outras despesas correntes;428352,62;26420
00PI APOIO A ALIMENTACAO ESCOLAR NA EDUCACAO BASICA (PNAE);3 - outras despesas correntes;640590,38;26421
00PI APOIO A ALIMENTACAO ESCOLAR NA EDUCACAO BASICA (PNAE);3 - outras despesas correntes;408977,42;26422
00PI APOIO A ALIMENTACAO ESCOLAR NA EDUCACAO BASICA (PNAE);3 - outras despesas correntes;471646,27;26423
00PI APOIO A ALIMENTACAO ESCOLAR NA EDUCACAO BASICA (PNAE);3 - outras despesas correntes;671302,83;26424
00PI APOIO A ALIMENTACAO ESCOLAR NA EDUCACAO BASICA (PNAE);3 - outras despesas correntes;380899,91;26427
00PI APOIO A ALIMENTACAO ESCOLAR NA EDUCACAO BASICA (PNAE);3 - outras despesas correntes;551901,32;26428
00PI APOIO A ALIMENTACAO ESCOLAR NA EDUCACAO BASICA (PNAE);3 - outras despesas correntes;435776,55;26429
00PI APOIO A ALIMENTACAO ESCOLAR NA EDUCACAO BASICA (PNAE);3 - outras despesas correntes;101545,06;26430
00PI APOIO A ALIMENTACAO ESCOLAR NA EDUCACAO BASICA (PNAE);3 - outras despesas correntes;815911,88;26431
00PI APOIO A ALIMENTACAO ESCOLAR NA EDUCACAO BASICA (PNAE);3 - outras despesas correntes;347028,91;26432
00PI APOIO A ALIMENTACAO ESCOLAR NA EDUCACAO BASICA (PNAE);3 - outras despesas correntes;250449,3;26433
00PI APOIO A ALIMENTACAO ESCOLAR NA EDUCACAO BASICA (PNAE);3 - outras despesas correntes;326583,23;26434
00PI APOIO A ALIMENTACAO ESCOLAR NA EDUCACAO BASICA (PNAE);3 - outras despesas correntes;687842,54;26435
00PI APOIO A ALIMENTACAO ESCOLAR NA EDUCACAO BASICA (PNAE);3 - outras despesas correntes;625431,63;26436
00PI APOIO A ALIMENTACAO ESCOLAR NA EDUCACAO BASICA (PNAE);3 - outras despesas correntes;203885,08;26437
00PI APOIO A ALIMENTACAO ESCOLAR NA EDUCACAO BASICA (PNAE);3 - outras despesas correntes;489665;26438
00PI APOIO A ALIMENTACAO ESCOLAR NA EDUCACAO BASICA (PNAE);3 - outras despesas correntes;1701439,93;26439
219U APOIO AO FUNCIONAMENTO DA REDE FEDERAL DE EDUCACAO PROFISSIONAL CIENTIFICA E TECNOLOGICA - DESPESAS DIVERSAS;3 - outras despesas correntes;60758,12;26201
15R4 APOIO A EXPANSAO DA REDE FEDERAL DE EDUCACAO PROFISSIONAL, CIENTIFICA E TECNOLOGICA - DESPESAS DIVERSAS;4 - Investimentos;196939,96;26256
20RG EXPANSAO E REESTRUTURACAO DE INSTITUICOES FEDERAIS DE EDUCACAO PROFISSIONAL E TECNOLOGICA - DESPESAS DIVERSAS;4 - Investimentos;49008,33;26256
15R4 APOIO A EXPANSAO DA REDE FEDERAL DE EDUCACAO PROFISSIONAL, CIENTIFICA E TECNOLOGICA - DESPESAS DIVERSAS;4 - Investimentos;2732712,51;26257
6380 FOMENTO AO DESENVOLVIMENTO DA EDUCACAO PROFISSIONAL E TECNOLOGICA - DESPESAS DIVERSAS;3 - outras despesas correntes;1512000;26257
15R4 APOIO A EXPANSAO DA REDE FEDERAL DE EDUCACAO PROFISSIONAL, CIENTIFICA E TECNOLOGICA - DESPESAS DIVERSAS;4 - Investimentos;4980433,78;26402
20RG EXPANSAO E REESTRUTURACAO DE INSTITUICOES FEDERAIS DE EDUCACAO PROFISSIONAL E TECNOLOGICA - DESPESAS DIVERSAS;4 - Investimentos;2070943,73;26402
20RG EXPANSAO E REESTRUTURACAO DE INSTITUICOES FEDERAIS DE EDUCACAO PROFISSIONAL E TECNOLOGICA - DESPESAS DIVERSAS;4 - Investimentos;3279597,11;26403
15R4 APOIO A EXPANSAO DA REDE FEDERAL DE EDUCACAO PROFISSIONAL, CIENTIFICA E TECNOLOGICA - DESPESAS DIVERSAS;4 - Investimentos;2480250,98;26404
15R4 APOIO A EXPANSAO, REESTRUTURACAO E MODERNIZACAO DAS INSTITUICOES DA REDE FEDERAL DE EDUCACAO PROFISSIONAL, CIENTIFICA E TECNOLOGICA - DESPESAS DIVERSAS;4 - Investimentos;137792,05;26404
20RG EXPANSAO E REESTRUTURACAO DE INSTITUICOES FEDERAIS DE EDUCACAO PROFISSIONAL E TECNOLOGICA - DESPESAS DIVERSAS;4 - Investimentos;104689,2;26404
219U APOIO AO FUNCIONAMENTO DAS INSTITUICOES DA REDE FEDERAL DE EDUCACAO PROFISSIONAL, CIENTIFICA E TECNOLOGICA - DESPESAS DIVERSAS;3 - outras despesas correntes;40000;26404
15R4 APOIO A EXPANSAO DA REDE FEDERAL DE EDUCACAO PROFISSIONAL, CIENTIFICA E TECNOLOGICA - DESPESAS DIVERSAS;4 - Investimentos;5266804,03;26405
20RG EXPANSAO E REESTRUTURACAO DE INSTITUICOES FEDERAIS DE EDUCACAO PROFISSIONAL E TECNOLOGICA - DESPESAS DIVERSAS;4 - Investimentos;299918,46;26405
219U APOIO AO FUNCIONAMENTO DA REDE FEDERAL DE EDUCACAO PROFISSIONAL CIENTIFICA E TECNOLOGICA - DESPESAS DIVERSAS;3 - outras despesas correntes;907463,43;26405
219U APOIO AO FUNCIONAMENTO DAS INSTITUICOES DA REDE FEDERAL DE EDUCACAO PROFISSIONAL, CIENTIFICA E TECNOLOGICA - DESPESAS DIVERSAS;3 - outras despesas correntes;1225480;26405
6380 FOMENTO AO DESENVOLVIMENTO DA EDUCACAO PROFISSIONAL E TECNOLOGICA - DESPESAS DIVERSAS;3 - outras despesas correntes;33785,31;26405
15R4 APOIO A EXPANSAO DA REDE FEDERAL DE EDUCACAO PROFISSIONAL, CIENTIFICA E TECNOLOGICA - DESPESAS DIVERSAS;4 - Investimentos;9127827,18;26406
15R4 APOIO A EXPANSAO, REESTRUTURACAO E MODERNIZACAO DAS INSTITUICOES DA REDE FEDERAL DE EDUCACAO PROFISSIONAL, CIENTIFICA E TECNOLOGICA - DESPESAS DIVERSAS;4 - Investimentos;1454440,05;26406
20RG EXPANSAO E REESTRUTURACAO DE INSTITUICOES FEDERAIS DE EDUCACAO PROFISSIONAL E TECNOLOGICA - DESPESAS DIVERSAS;4 - Investimentos;2122261,58;26406
219U APOIO AO FUNCIONAMENTO DA REDE FEDERAL DE EDUCACAO PROFISSIONAL CIENTIFICA E TECNOLOGICA - DESPESAS DIVERSAS;3 - outras despesas correntes;15976350;26406
219U APOIO AO FUNCIONAMENTO DAS INSTITUICOES DA REDE FEDERAL DE EDUCACAO PROFISSIONAL, CIENTIFICA E TECNOLOGICA - DESPESAS DIVERSAS;3 - outras despesas correntes;425245,37;26406
6380 FOMENTO AO DESENVOLVIMENTO DA EDUCACAO PROFISSIONAL E TECNOLOGICA - DESPESAS DIVERSAS;3 - outras despesas correntes;4578675;26406
15R4 APOIO A EXPANSAO DA REDE FEDERAL DE EDUCACAO PROFISSIONAL, CIENTIFICA E TECNOLOGICA - DESPESAS DIVERSAS;4 - Investimentos;9631918,14;26407
15R4 APOIO A EXPANSAO, REESTRUTURACAO E MODERNIZACAO DAS INSTITUICOES DA REDE FEDERAL DE EDUCACAO PROFISSIONAL, CIENTIFICA E TECNOLOGICA - DESPESAS DIVERSAS;4 - Investimentos;260259,37;26407
20RG EXPANSAO E REESTRUTURACAO DE INSTITUICOES FEDERAIS DE EDUCACAO PROFISSIONAL E TECNOLOGICA - DESPESAS DIVERSAS;4 - Investimentos;194356,29;26407
219U APOIO AO FUNCIONAMENTO DA REDE FEDERAL DE EDUCACAO PROFISSIONAL CIENTIFICA E TECNOLOGICA - DESPESAS DIVERSAS;3 - outras despesas correntes;1402997,57;26407
6380 FOMENTO AO DESENVOLVIMENTO DA EDUCACAO PROFISSIONAL E TECNOLOGICA - DESPESAS DIVERSAS;3 - outras despesas correntes;10664,48;26407
15R4 APOIO A EXPANSAO DA REDE FEDERAL DE EDUCACAO PROFISSIONAL, CIENTIFICA E TECNOLOGICA - DESPESAS DIVERSAS;4 - Investimentos;2280122,62;26408
15R4 APOIO A EXPANSAO, REESTRUTURACAO E MODERNIZACAO DAS INSTITUICOES DA REDE FEDERAL DE EDUCACAO PROFISSIONAL, CIENTIFICA E TECNOLOGICA - DESPESAS DIVERSAS;4 - Investimentos;194050,02;26408
15R4 EMENDA INDIVIDUAL;4 - Investimentos;329874,56;26408
20RG EXPANSAO E REESTRUTURACAO DE INSTITUICOES FEDERAIS DE EDUCACAO PROFISSIONAL E TECNOLOGICA - DESPESAS DIVERSAS;4 - Investimentos;54771,29;26408
219U APOIO AO FUNCIONAMENTO DA REDE FEDERAL DE EDUCACAO PROFISSIONAL CIENTIFICA E TECNOLOGICA - DESPESAS DIVERSAS;3 - outras despesas correntes;165143,38;26408
219U EMENDA INDIVIDUAL;3 - outras despesas correntes;110386,78;26408
6380 FOMENTO AO DESENVOLVIMENTO DA EDUCACAO PROFISSIONAL E TECNOLOGICA - DESPESAS DIVERSAS;3 - outras despesas correntes;450724,45;26408
15R4 APOIO A EXPANSAO DA REDE FEDERAL DE EDUCACAO PROFISSIONAL, CIENTIFICA E TECNOLOGICA - DESPESAS DIVERSAS;4 - Investimentos;5883445,54;26409
20RG EXPANSAO E REESTRUTURACAO DE INSTITUICOES FEDERAIS DE EDUCACAO PROFISSIONAL E TECNOLOGICA - DESPESAS DIVERSAS;4 - Investimentos;409180,3;26409
6380 FOMENTO AO DESENVOLVIMENTO DA EDUCACAO PROFISSIONAL E TECNOLOGICA - DESPESAS DIVERSAS;3 - outras despesas correntes;57850;26409
15R4 APOIO A EXPANSAO DA REDE FEDERAL DE EDUCACAO PROFISSIONAL, CIENTIFICA E TECNOLOGICA - DESPESAS DIVERSAS;4 - Investimentos;2508281,1;26410
15R4 APOIO A EXPANSAO, REESTRUTURACAO E MODERNIZACAO DAS INSTITUICOES DA REDE FEDERAL DE EDUCACAO PROFISSIONAL, CIENTIFICA E TECNOLOGICA - DESPESAS DIVERSAS;4 - Investimentos;2011643,22;26410
20RG EXPANSAO E REESTRUTURACAO DE INSTITUICOES FEDERAIS DE EDUCACAO PROFISSIONAL E TECNOLOGICA - DESPESAS DIVERSAS;4 - Investimentos;7305,56;26410
219U APOIO AO FUNCIONAMENTO DA REDE FEDERAL DE EDUCACAO PROFISSIONAL CIENTIFICA E TECNOLOGICA - DESPESAS DIVERSAS;3 - outras despesas correntes;181850,56;26410
15R4 APOIO A EXPANSAO DA REDE FEDERAL DE EDUCACAO PROFISSIONAL, CIENTIFICA E TECNOLOGICA - DESPESAS DIVERSAS;4 - Investimentos;3282270,12;26411
20RG EXPANSAO E REESTRUTURACAO DE INSTITUICOES FEDERAIS DE EDUCACAO PROFISSIONAL E TECNOLOGICA - DESPESAS DIVERSAS;4 - Investimentos;262949,79;26411
219U APOIO AO FUNCIONAMENTO DA REDE FEDERAL DE EDUCACAO PROFISSIONAL CIENTIFICA E TECNOLOGICA - DESPESAS DIVERSAS;3 - outras despesas correntes;10760,5;26411
219U APOIO AO FUNCIONAMENTO DAS INSTITUICOES DA REDE FEDERAL DE EDUCACAO PROFISSIONAL, CIENTIFICA E TECNOLOGICA - DESPESAS DIVERSAS (REGRA DE OURO);3 - outras despesas correntes;1191600;26411
15R4 APOIO A EXPANSAO DA REDE FEDERAL DE EDUCACAO PROFISSIONAL, CIENTIFICA E TECNOLOGICA - DESPESAS DIVERSAS;4 - Investimentos;6750335,02;26412
20RG EXPANSAO E REESTRUTURACAO DE INSTITUICOES FEDERAIS DE EDUCACAO PROFISSIONAL E TECNOLOGICA - DESPESAS DIVERSAS;4 - Investimentos;1300128,91;26412
219U APOIO AO FUNCIONAMENTO DA REDE FEDERAL DE EDUCACAO PROFISSIONAL CIENTIFICA E TECNOLOGICA - DESPESAS DIVERSAS;3 - outras despesas correntes;7544,07;26412
6380 FOMENTO AO DESENVOLVIMENTO DA EDUCACAO PROFISSIONAL E TECNOLOGICA - DESPESAS DIVERSAS;4 - Investimentos;342523,65;26412
15R4 APOIO A EXPANSAO DA REDE FEDERAL DE EDUCACAO PROFISSIONAL, CIENTIFICA E TECNOLOGICA - DESPESAS DIVERSAS;4 - Investimentos;2559340;26413
20RG EXPANSAO E REESTRUTURACAO DE INSTITUICOES FEDERAIS DE EDUCACAO PROFISSIONAL E TECNOLOGICA - DESPESAS DIVERSAS;4 - Investimentos;1316379,57;26413
6380 FOMENTO AO DESENVOLVIMENTO DA EDUCACAO PROFISSIONAL E TECNOLOGICA - DESPESAS DIVERSAS;3 - outras despesas correntes;218768,2;26413
15R4 APOIO A EXPANSAO DA REDE FEDERAL DE EDUCACAO PROFISSIONAL, CIENTIFICA E TECNOLOGICA - DESPESAS DIVERSAS;4 - Investimentos;4851905,7;26414
15R4 APOIO A EXPANSAO, REESTRUTURACAO E MODERNIZACAO DAS INSTITUICOES DA REDE FEDERAL DE EDUCACAO PROFISSIONAL, CIENTIFICA E TECNOLOGICA - DESPESAS DIVERSAS;4 - Investimentos;160000;26414
219U APOIO AO FUNCIONAMENTO DA REDE FEDERAL DE EDUCACAO PROFISSIONAL CIENTIFICA E TECNOLOGICA - DESPESAS DIVERSAS;3 - outras despesas correntes;20522,65;26414
15R4 APOIO A EXPANSAO DA REDE FEDERAL DE EDUCACAO PROFISSIONAL, CIENTIFICA E TECNOLOGICA - DESPESAS DIVERSAS;4 - Investimentos;704098,53;26415
20RG EXPANSAO E REESTRUTURACAO DE INSTITUICOES FEDERAIS DE EDUCACAO PROFISSIONAL E TECNOLOGICA - DESPESAS DIVERSAS;4 - Investimentos;5982403,89;26415
219U APOIO AO FUNCIONAMENTO DA REDE FEDERAL DE EDUCACAO PROFISSIONAL CIENTIFICA E TECNOLOGICA - DESPESAS DIVERSAS;3 - outras despesas correntes;5270;26415
15R4 APOIO A EXPANSAO DA REDE FEDERAL DE EDUCACAO PROFISSIONAL, CIENTIFICA E TECNOLOGICA - DESPESAS DIVERSAS;4 - Investimentos;722653,89;26416
15R4 APOIO A EXPANSAO, REESTRUTURACAO E MODERNIZACAO DAS INSTITUICOES DA REDE FEDERAL DE EDUCACAO PROFISSIONAL, CIENTIFICA E TECNOLOGICA - DESPESAS DIVERSAS;4 - Investimentos;495068,42;26416
20RG EXPANSAO E REESTRUTURACAO DE INSTITUICOES FEDERAIS DE EDUCACAO PROFISSIONAL E TECNOLOGICA - DESPESAS DIVERSAS;4 - Investimentos;3317524,59;26416
219U APOIO AO FUNCIONAMENTO DAS INSTITUICOES DA REDE FEDERAL DE EDUCACAO PROFISSIONAL, CIENTIFICA E TECNOLOGICA - DESPESAS DIVERSAS;3 - outras despesas correntes;143889,4;26416
219U APOIO AO FUNCIONAMENTO DAS INSTITUICOES DA REDE FEDERAL DE EDUCACAO PROFISSIONAL, CIENTIFICA E TECNOLOGICA - DESPESAS DIVERSAS;4 - Investimentos;239447,42;26416
15R4 APOIO A EXPANSAO DA REDE FEDERAL DE EDUCACAO PROFISSIONAL, CIENTIFICA E TECNOLOGICA - DESPESAS DIVERSAS;4 - Investimentos;7184029,86;26417
20RG EXPANSAO E REESTRUTURACAO DE INSTITUICOES FEDERAIS DE EDUCACAO PROFISSIONAL E TECNOLOGICA - DESPESAS DIVERSAS;4 - Investimentos;1462149,94;26417
15R4 APOIO A EXPANSAO DA REDE FEDERAL DE EDUCACAO PROFISSIONAL, CIENTIFICA E TECNOLOGICA - DESPESAS DIVERSAS;4 - Investimentos;4381075,33;26418
15R4 APOIO A EXPANSAO, REESTRUTURACAO E MODERNIZACAO DAS INSTITUICOES DA REDE FEDERAL DE EDUCACAO PROFISSIONAL, CIENTIFICA E TECNOLOGICA - DESPESAS DIVERSAS;4 - Investimentos;193208,8;26418
20RG EXPANSAO E REESTRUTURACAO DE INSTITUICOES FEDERAIS DE EDUCACAO PROFISSIONAL E TECNOLOGICA - DESPESAS DIVERSAS;4 - Investimentos;20475404,03;26418
15R4 APOIO A EXPANSAO DA REDE FEDERAL DE EDUCACAO PROFISSIONAL, CIENTIFICA E TECNOLOGICA - DESPESAS DIVERSAS;4 - Investimentos;2513224,05;26419
15R4 APOIO A EXPANSAO, REESTRUTURACAO E MODERNIZACAO DAS INSTITUICOES DA REDE FEDERAL DE EDUCACAO PROFISSIONAL, CIENTIFICA E TECNOLOGICA - DESPESAS DIVERSAS;4 - Investimentos;89081;26419
15R4 EMENDA DE BANCADA;4 - Investimentos;106883,13;26419
219U APOIO AO FUNCIONAMENTO DA REDE FEDERAL DE EDUCACAO PROFISSIONAL CIENTIFICA E TECNOLOGICA - DESPESAS DIVERSAS;3 - outras despesas correntes;9818,88;26419
219U APOIO AO FUNCIONAMENTO DAS INSTITUICOES DA REDE FEDERAL DE EDUCACAO PROFISSIONAL, CIENTIFICA E TECNOLOGICA - DESPESAS DIVERSAS;3 - outras despesas correntes;465268,55;26419
15R4 APOIO A EXPANSAO DA REDE FEDERAL DE EDUCACAO PROFISSIONAL, CIENTIFICA E TECNOLOGICA - DESPESAS DIVERSAS;4 - Investimentos;1452248,09;26420
20RG EMENDA INDIVIDUAL;4 - Investimentos;640,45;26420
20RG EXPANSAO E REESTRUTURACAO DE INSTITUICOES FEDERAIS DE EDUCACAO PROFISSIONAL E TECNOLOGICA - DESPESAS DIVERSAS;4 - Investimentos;60268,45;26420
15R4 APOIO A EXPANSAO DA REDE FEDERAL DE EDUCACAO PROFISSIONAL, CIENTIFICA E TECNOLOGICA - DESPESAS DIVERSAS;4 - Investimentos;7345970;26421
20RG EXPANSAO E REESTRUTURACAO DE INSTITUICOES FEDERAIS DE EDUCACAO PROFISSIONAL E TECNOLOGICA - DESPESAS DIVERSAS;4 - Investimentos;192164,93;26421
15R4 APOIO A EXPANSAO DA REDE FEDERAL DE EDUCACAO PROFISSIONAL, CIENTIFICA E TECNOLOGICA - DESPESAS DIVERSAS;4 - Investimentos;1823179,77;26422
219U APOIO AO FUNCIONAMENTO DA REDE FEDERAL DE EDUCACAO PROFISSIONAL CIENTIFICA E TECNOLOGICA - DESPESAS DIVERSAS;3 - outras despesas correntes;13600;26422
219U APOIO AO FUNCIONAMENTO DAS INSTITUICOES DA REDE FEDERAL DE EDUCACAO PROFISSIONAL, CIENTIFICA E TECNOLOGICA - DESPESAS DIVERSAS;3 - outras despesas correntes;533449,04;26422
15R4 APOIO A EXPANSAO DA REDE FEDERAL DE EDUCACAO PROFISSIONAL, CIENTIFICA E TECNOLOGICA - DESPESAS DIVERSAS;4 - Investimentos;882432,64;26423
15R4 APOIO A EXPANSAO, REESTRUTURACAO E MODERNIZACAO DAS INSTITUICOES DA REDE FEDERAL DE EDUCACAO PROFISSIONAL, CIENTIFICA E TECNOLOGICA - DESPESAS DIVERSAS;4 - Investimentos;1537140;26423
20RG EXPANSAO E REESTRUTURACAO DE INSTITUICOES FEDERAIS DE EDUCACAO PROFISSIONAL E TECNOLOGICA - DESPESAS DIVERSAS;4 - Investimentos;2011434,73;26423
15R4 APOIO A EXPANSAO DA REDE FEDERAL DE EDUCACAO PROFISSIONAL, CIENTIFICA E TECNOLOGICA - DESPESAS DIVERSAS;4 - Investimentos;6745286,89;26424
15R4 APOIO A EXPANSAO, REESTRUTURACAO E MODERNIZACAO DAS INSTITUICOES DA REDE FEDERAL DE EDUCACAO PROFISSIONAL, CIENTIFICA E TECNOLOGICA - DESPESAS DIVERSAS;4 - Investimentos;325290,19;26424
20RG EXPANSAO E REESTRUTURACAO DE INSTITUICOES FEDERAIS DE EDUCACAO PROFISSIONAL E TECNOLOGICA - DESPESAS DIVERSAS;4 - Investimentos;1028398,07;26424
219U APOIO AO FUNCIONAMENTO DA REDE FEDERAL DE EDUCACAO PROFISSIONAL CIENTIFICA E TECNOLOGICA - DESPESAS DIVERSAS;3 - outras despesas correntes;337123,68;26424
15R4 APOIO A EXPANSAO DA REDE FEDERAL DE EDUCACAO PROFISSIONAL, CIENTIFICA E TECNOLOGICA - DESPESAS DIVERSAS;4 - Investimentos;1707795,59;26401
20RG EXPANSAO E REESTRUTURACAO DE INSTITUICOES FEDERAIS DE EDUCACAO PROFISSIONAL E TECNOLOGICA - DESPESAS DIVERSAS;4 - Investimentos;863250,12;26401
219U APOIO AO FUNCIONAMENTO DA REDE FEDERAL DE EDUCACAO PROFISSIONAL CIENTIFICA E TECNOLOGICA - DESPESAS DIVERSAS;3 - outras despesas correntes;1948601,86;26401
15R4 APOIO A EXPANSAO DA REDE FEDERAL DE EDUCACAO PROFISSIONAL, CIENTIFICA E TECNOLOGICA - DESPESAS DIVERSAS;4 - Investimentos;1447806,09;26426
20RG EXPANSAO E REESTRUTURACAO DE INSTITUICOES FEDERAIS DE EDUCACAO PROFISSIONAL E TECNOLOGICA - DESPESAS DIVERSAS;4 - Investimentos;517221,5;26426
15R4 APOIO A EXPANSAO DA REDE FEDERAL DE EDUCACAO PROFISSIONAL, CIENTIFICA E TECNOLOGICA - DESPESAS DIVERSAS;4 - Investimentos;17192,5;26427
20RG EXPANSAO E REESTRUTURACAO DE INSTITUICOES FEDERAIS DE EDUCACAO PROFISSIONAL E TECNOLOGICA - DESPESAS DIVERSAS;4 - Investimentos;6715196,73;26427
219U EMENDA DE BANCADA;4 - Investimentos;114119,31;26427
15R4 APOIO A EXPANSAO DA REDE FEDERAL DE EDUCACAO PROFISSIONAL, CIENTIFICA E TECNOLOGICA - DESPESAS DIVERSAS;4 - Investimentos;2650088,28;26428
15R4 APOIO A EXPANSAO, REESTRUTURACAO E MODERNIZACAO DAS INSTITUICOES DA REDE FEDERAL DE EDUCACAO PROFISSIONAL, CIENTIFICA E TECNOLOGICA - DESPESAS DIVERSAS;4 - Investimentos;378925,34;26428
15R4 EMENDA DE COMISSAO;4 - Investimentos;122147;26428
219U APOIO AO FUNCIONAMENTO DAS INSTITUICOES DA REDE FEDERAL DE EDUCACAO PROFISSIONAL, CIENTIFICA E TECNOLOGICA - DESPESAS DIVERSAS;3 - outras despesas correntes;303580;26428
15R4 APOIO A EXPANSAO DA REDE FEDERAL DE EDUCACAO PROFISSIONAL, CIENTIFICA E TECNOLOGICA - DESPESAS DIVERSAS;4 - Investimentos;7191709,82;26429
15R4 EMENDA INDIVIDUAL;4 - Investimentos;471915,5;26429
20RG EXPANSAO E REESTRUTURACAO DE INSTITUICOES FEDERAIS DE EDUCACAO PROFISSIONAL E TECNOLOGICA - DESPESAS DIVERSAS;4 - Investimentos;514227,69;26429
15R4 APOIO A EXPANSAO DA REDE FEDERAL DE EDUCACAO PROFISSIONAL, CIENTIFICA E TECNOLOGICA - DESPESAS DIVERSAS;4 - Investimentos;5585135;26430
20RG EXPANSAO E REESTRUTURACAO DE INSTITUICOES FEDERAIS DE EDUCACAO PROFISSIONAL E TECNOLOGICA - DESPESAS DIVERSAS;4 - Investimentos;1153737,35;26430
219U APOIO AO FUNCIONAMENTO DA REDE FEDERAL DE EDUCACAO PROFISSIONAL CIENTIFICA E TECNOLOGICA - DESPESAS DIVERSAS;3 - outras despesas correntes;2476,5;26430
6380 FOMENTO AO DESENVOLVIMENTO DA EDUCACAO PROFISSIONAL E TECNOLOGICA - DESPESAS DIVERSAS;3 - outras despesas correntes;17030;26430
15R4 APOIO A EXPANSAO DA REDE FEDERAL DE EDUCACAO PROFISSIONAL, CIENTIFICA E TECNOLOGICA - DESPESAS DIVERSAS;4 - Investimentos;2630308,84;26431
15R4 APOIO A EXPANSAO DA REDE FEDERAL DE EDUCACAO PROFISSIONAL, CIENTIFICA E TECNOLOGICA - DESPESAS DIVERSAS;4 - Investimentos;3586847,23;26432
15R4 APOIO A EXPANSAO, REESTRUTURACAO E MODERNIZACAO DAS INSTITUICOES DA REDE FEDERAL DE EDUCACAO PROFISSIONAL, CIENTIFICA E TECNOLOGICA - DESPESAS DIVERSAS;4 - Investimentos;140694,36;26432
15R4 EMENDA INDIVIDUAL;4 - Investimentos;2062109,72;26432
20RG EXPANSAO E REESTRUTURACAO DE INSTITUICOES FEDERAIS DE EDUCACAO PROFISSIONAL E TECNOLOGICA - DESPESAS DIVERSAS;4 - Investimentos;4298152,24;26432
219U APOIO AO FUNCIONAMENTO DA REDE FEDERAL DE EDUCACAO PROFISSIONAL CIENTIFICA E TECNOLOGICA - DESPESAS DIVERSAS;3 - outras despesas correntes;286687,66;26432
219U EMENDA INDIVIDUAL;4 - Investimentos;239989,78;26432
15R4 APOIO A EXPANSAO DA REDE FEDERAL DE EDUCACAO PROFISSIONAL, CIENTIFICA E TECNOLOGICA - DESPESAS DIVERSAS;4 - Investimentos;2589709,22;26433
20RG EXPANSAO E REESTRUTURACAO DE INSTITUICOES FEDERAIS DE EDUCACAO PROFISSIONAL E TECNOLOGICA - DESPESAS DIVERSAS;4 - Investimentos;1004511,42;26433
219U APOIO AO FUNCIONAMENTO DA REDE FEDERAL DE EDUCACAO PROFISSIONAL CIENTIFICA E TECNOLOGICA - DESPESAS DIVERSAS;3 - outras despesas correntes;59536,5;26433
219U APOIO AO FUNCIONAMENTO DAS INSTITUICOES DA REDE FEDERAL DE EDUCACAO PROFISSIONAL, CIENTIFICA E TECNOLOGICA - DESPESAS DIVERSAS;3 - outras despesas correntes;302126,17;26433
15R4 APOIO A EXPANSAO DA REDE FEDERAL DE EDUCACAO PROFISSIONAL, CIENTIFICA E TECNOLOGICA - DESPESAS DIVERSAS;4 - Investimentos;3810436,85;26434
20RG EXPANSAO E REESTRUTURACAO DE INSTITUICOES FEDERAIS DE EDUCACAO PROFISSIONAL E TECNOLOGICA - DESPESAS DIVERSAS;4 - Investimentos;538738,08;26434
219U APOIO AO FUNCIONAMENTO DAS INSTITUICOES DA REDE FEDERAL DE EDUCACAO PROFISSIONAL, CIENTIFICA E TECNOLOGICA - DESPESAS DIVERSAS;3 - outras despesas correntes;180378,14;26434
15R4 APOIO A EXPANSAO DA REDE FEDERAL DE EDUCACAO PROFISSIONAL, CIENTIFICA E TECNOLOGICA - DESPESAS DIVERSAS;4 - Investimentos;4136166,8;26435
20RG EXPANSAO E REESTRUTURACAO DE INSTITUICOES FEDERAIS DE EDUCACAO PROFISSIONAL E TECNOLOGICA - DESPESAS DIVERSAS;4 - Investimentos;2235968,22;26435
219U APOIO AO FUNCIONAMENTO DA REDE FEDERAL DE EDUCACAO PROFISSIONAL CIENTIFICA E TECNOLOGICA - DESPESAS DIVERSAS;4 - Investimentos;1498304;26435
15R4 APOIO A EXPANSAO DA REDE FEDERAL DE EDUCACAO PROFISSIONAL, CIENTIFICA E TECNOLOGICA - DESPESAS DIVERSAS;4 - Investimentos;2806196,87;26436
20RG EXPANSAO E REESTRUTURACAO DE INSTITUICOES FEDERAIS DE EDUCACAO PROFISSIONAL E TECNOLOGICA - DESPESAS DIVERSAS;4 - Investimentos;700731,42;26436
219U APOIO AO FUNCIONAMENTO DA REDE FEDERAL DE EDUCACAO PROFISSIONAL CIENTIFICA E TECNOLOGICA - DESPESAS DIVERSAS;3 - outras despesas correntes;4602;26436
15R4 APOIO A EXPANSAO DA REDE FEDERAL DE EDUCACAO PROFISSIONAL, CIENTIFICA E TECNOLOGICA - DESPESAS DIVERSAS;4 - Investimentos;3262084,45;26437
20RG EXPANSAO E REESTRUTURACAO DE INSTITUICOES FEDERAIS DE EDUCACAO PROFISSIONAL E TECNOLOGICA - DESPESAS DIVERSAS;4 - Investimentos;358965,59;26437
15R4 APOIO A EXPANSAO DA REDE FEDERAL DE EDUCACAO PROFISSIONAL, CIENTIFICA E TECNOLOGICA - DESPESAS DIVERSAS;4 - Investimentos;6652155,73;26438
219U APOIO AO FUNCIONAMENTO DA REDE FEDERAL DE EDUCACAO PROFISSIONAL CIENTIFICA E TECNOLOGICA - DESPESAS DIVERSAS;3 - outras despesas correntes;39600;26438
219U APOIO AO FUNCIONAMENTO DAS INSTITUICOES DA REDE FEDERAL DE EDUCACAO PROFISSIONAL, CIENTIFICA E TECNOLOGICA - DESPESAS DIVERSAS;3 - outras despesas correntes;8000;26438
6380 FOMENTO AO DESENVOLVIMENTO DA EDUCACAO PROFISSIONAL E TECNOLOGICA - DESPESAS DIVERSAS;3 - outras despesas correntes;31700;26438
15R4 APOIO A EXPANSAO DA REDE FEDERAL DE EDUCACAO PROFISSIONAL, CIENTIFICA E TECNOLOGICA - DESPESAS DIVERSAS;4 - Investimentos;7075457,14;26439
15R4 APOIO A EXPANSAO, REESTRUTURACAO E MODERNIZACAO DAS INSTITUICOES DA REDE FEDERAL DE EDUCACAO PROFISSIONAL, CIENTIFICA E TECNOLOGICA - DESPESAS DIVERSAS;3 - outras despesas correntes;272383,34;26439
15R4 APOIO A EXPANSAO, REESTRUTURACAO E MODERNIZACAO DAS INSTITUICOES DA REDE FEDERAL DE EDUCACAO PROFISSIONAL, CIENTIFICA E TECNOLOGICA - DESPESAS DIVERSAS;4 - Investimentos;1104133,55;26439
219U APOIO AO FUNCIONAMENTO DA REDE FEDERAL DE EDUCACAO PROFISSIONAL CIENTIFICA E TECNOLOGICA - DESPESAS DIVERSAS;3 - outras despesas correntes;78883,67;26439
219U APOIO AO FUNCIONAMENTO DA REDE FEDERAL DE EDUCACAO PROFISSIONAL CIENTIFICA E TECNOLOGICA - DESPESAS DIVERSAS;4 - Investimentos;60000;26439
219U APOIO AO FUNCIONAMENTO DAS INSTITUICOES DA REDE FEDERAL DE EDUCACAO PROFISSIONAL, CIENTIFICA E TECNOLOGICA - DESPESAS DIVERSAS;4 - Investimentos;199917,96;26439
219U EMENDA INDIVIDUAL;3 - outras despesas correntes;250000;26439
219U EMENDA INDIVIDUAL;4 - Investimentos;403726,19;26439
09HB CONTRIBUICAO DA UNIAO, DE SUAS AUTARQUIAS E FUNDACOES PARA O;1 - Pessoal e Encargos Sociais;54559686,34;26201
0005 SENTENCAS JUDICIAIS TRANSITADAS EM JULGADO (PRECATORIOS);1 - Pessoal e Encargos Sociais;1074071,65;26201
0181 APOSENTADORIAS E PENSOES CIVIS DA UNIAO;1 - Pessoal e Encargos Sociais;293893360,2;26201
2004 ASSISTENCIA MEDICA E ODONTOLOGICA AOS SERVIDORES CIVIS, EMPR;3 - outras despesas correntes;3381617,3;26201
20TP ATIVOS CIVIS DA UNIAO;1 - Pessoal e Encargos Sociais;285541118;26201
212B BENEFICIOS OBRIGATORIOS AOS SERVIDORES CIVIS, EMPREGADOS, MI;3 - outras despesas correntes;14954752,24;26201
00PW CONTRIBUICOES A ENTIDADES NACIONAIS SEM EXIGENCIA DE PROGRAM;3 - outras despesas correntes;74664;26201
20RI FUNCIONAMENTO DAS INSTITUICOES FEDERAIS DE EDUCACAO BASICA;4 - Investimentos;1295013,25;26201
20RI FUNCIONAMENTO DAS INSTITUICOES FEDERAIS DE EDUCACAO BASICA;3 - outras despesas correntes;33866441,32;26201
2994 ASSISTENCIA AOS ESTUDANTES DAS INSTITUICOES FEDERAIS DE EDUC;3 - outras despesas correntes;8901538,14;26201
4572 CAPACITACAO DE SERVIDORES PUBLICOS FEDERAIS EM PROCESSO DE Q;3 - outras despesas correntes;7721,3;26201
20RI FUNCIONAMENTO DAS INSTITUICOES FEDERAIS DE EDUCACAO BASICA;4 - Investimentos;2089712,53;26201
20RI FUNCIONAMENTO DAS INSTITUICOES FEDERAIS DE EDUCACAO BASICA;3 - outras despesas correntes;593126,35;26201
20RI FUNCIONAMENTO DAS INSTITUICOES FEDERAIS DE EDUCACAO BASICA;4 - Investimentos;258446,58;26201
20RI FUNCIONAMENTO DAS INSTITUICOES FEDERAIS DE EDUCACAO BASICA;3 - outras despesas correntes;67992;26201
09HB CONTRIBUICAO DA UNIAO, DE SUAS AUTARQUIAS E FUNDACOES PARA O;1 - Pessoal e Encargos Sociais;43421877,3;26256
0005 SENTENCAS JUDICIAIS TRANSITADAS EM JULGADO (PRECATORIOS);1 - Pessoal e Encargos Sociais;337535,85;26256
0181 APOSENTADORIAS E PENSOES CIVIS DA UNIAO;1 - Pessoal e Encargos Sociais;116555485,4;26256
2004 ASSISTENCIA MEDICA E ODONTOLOGICA AOS SERVIDORES CIVIS, EMPR;3 - outras despesas correntes;2757694,8;26256
20TP ATIVOS CIVIS DA UNIAO;1 - Pessoal e Encargos Sociais;212201392,3;26256
212B BENEFICIOS OBRIGATORIOS AOS SERVIDORES CIVIS, EMPREGADOS, MI;3 - outras despesas correntes;9680404,57;26256
00PW CONTRIBUICOES A ENTIDADES NACIONAIS SEM EXIGENCIA DE PROGRAM;3 - outras despesas correntes;102027;26256
20RL FUNCIONAMENTO DAS INSTITUICOES DA REDE FEDERAL DE EDUCACAO P;4 - Investimentos;1762183,03;26256
20RL FUNCIONAMENTO DAS INSTITUICOES DA REDE FEDERAL DE EDUCACAO P;3 - outras despesas correntes;24082162,92;26256
2994 ASSISTENCIA AOS ESTUDANTES DAS INSTITUICOES FEDERAIS DE EDUC;3 - outras despesas correntes;8556300;26256
4572 CAPACITACAO DE SERVIDORES PUBLICOS FEDERAIS EM PROCESSO DE Q;3 - outras despesas correntes;625365,73;26256
20RG REESTRUTURACAO E MODERNIZACAO DAS INSTITUICOES DA REDE FEDER;4 - Investimentos;1702762,8;26256
09HB CONTRIBUICAO DA UNIAO, DE SUAS AUTARQUIAS E FUNDACOES PARA O;1 - Pessoal e Encargos Sociais;51468789,04;26257
0005 SENTENCAS JUDICIAIS TRANSITADAS EM JULGADO (PRECATORIOS);3 - outras despesas correntes;77545,5;26257
0005 SENTENCAS JUDICIAIS TRANSITADAS EM JULGADO (PRECATORIOS);1 - Pessoal e Encargos Sociais;2028085,42;26257
0181 APOSENTADORIAS E PENSOES CIVIS DA UNIAO;1 - Pessoal e Encargos Sociais;108444948,9;26257
2004 ASSISTENCIA MEDICA E ODONTOLOGICA AOS SERVIDORES CIVIS, EMPR;3 - outras despesas correntes;4278040,37;26257
20TP ATIVOS CIVIS DA UNIAO;1 - Pessoal e Encargos Sociais;258823201,4;26257
212B BENEFICIOS OBRIGATORIOS AOS SERVIDORES CIVIS, EMPREGADOS, MI;3 - outras despesas correntes;11153185,92;26257
00OQ CONTRIBUICOES A ORGANISMOS INTERNACIONAIS SEM EXIGENCIA DE P;3 - outras despesas correntes;18382,62;26257
00PW CONTRIBUICOES A ENTIDADES NACIONAIS SEM EXIGENCIA DE PROGRAM;3 - outras despesas correntes;106013,62;26257
20RG REESTRUTURACAO E MODERNIZACAO DAS INSTITUICOES DA REDE FEDER;4 - Investimentos;528479,92;26257
20RL FUNCIONAMENTO DAS INSTITUICOES DA REDE FEDERAL DE EDUCACAO P;4 - Investimentos;698825,43;26257
20RL FUNCIONAMENTO DAS INSTITUICOES DA REDE FEDERAL DE EDUCACAO P;3 - outras despesas correntes;34297465,84;26257
2994 ASSISTENCIA AOS ESTUDANTES DAS INSTITUICOES FEDERAIS DE EDUC;3 - outras despesas correntes;9383569,1;26257
4572 CAPACITACAO DE SERVIDORES PUBLICOS FEDERAIS EM PROCESSO DE Q;3 - outras despesas correntes;664031,09;26257
20RL FUNCIONAMENTO DAS INSTITUICOES DA REDE FEDERAL DE EDUCACAO P;4 - Investimentos;124143,87;26257
09HB CONTRIBUICAO DA UNIAO, DE SUAS AUTARQUIAS E FUNDACOES PARA O;1 - Pessoal e Encargos Sociais;50360009,68;26402
0005 SENTENCAS JUDICIAIS TRANSITADAS EM JULGADO (PRECATORIOS);1 - Pessoal e Encargos Sociais;14150151,53;26402
0181 APOSENTADORIAS E PENSOES CIVIS DA UNIAO;1 - Pessoal e Encargos Sociais;66066299,72;26402
2004 ASSISTENCIA MEDICA E ODONTOLOGICA AOS SERVIDORES CIVIS, EMPR;3 - outras despesas correntes;4648400,34;26402
20TP ATIVOS CIVIS DA UNIAO;1 - Pessoal e Encargos Sociais;255647615,2;26402
212B BENEFICIOS OBRIGATORIOS AOS SERVIDORES CIVIS, EMPREGADOS, MI;3 - outras despesas correntes;12547158,78;26402
00PW CONTRIBUICOES A ENTIDADES NACIONAIS SEM EXIGENCIA DE PROGRAM;3 - outras despesas correntes;76130;26402
20RG REESTRUTURACAO E MODERNIZACAO DAS INSTITUICOES DA REDE FEDER;4 - Investimentos;1014641,94;26402
20RL FUNCIONAMENTO DAS INSTITUICOES DA REDE FEDERAL DE EDUCACAO P;4 - Investimentos;2000282,33;26402
20RL FUNCIONAMENTO DAS INSTITUICOES DA REDE FEDERAL DE EDUCACAO P;3 - outras despesas correntes;39774564,91;26402
216H AJUDA DE CUSTO PARA MORADIA OU AUXILIO-MORADIA A AGENTES PUB;3 - outras despesas correntes;57400;26402
2994 ASSISTENCIA AOS ESTUDANTES DAS INSTITUICOES FEDERAIS DE EDUC;3 - outras despesas correntes;10209516,62;26402
20RG REESTRUTURACAO E MODERNIZACAO DAS INSTITUICOES DA REDE FEDER;4 - Investimentos;204817;26402
20RL FUNCIONAMENTO DAS INSTITUICOES DA REDE FEDERAL DE EDUCACAO P;3 - outras despesas correntes;142913,58;26402
20RG REESTRUTURACAO E MODERNIZACAO DAS INSTITUICOES DA REDE FEDER;4 - Investimentos;4056205,73;26402
09HB CONTRIBUICAO DA UNIAO, DE SUAS AUTARQUIAS E FUNDACOES PARA O;1 - Pessoal e Encargos Sociais;42539440,26;26403
0005 SENTENCAS JUDICIAIS TRANSITADAS EM JULGADO (PRECATORIOS);1 - Pessoal e Encargos Sociais;64056;26403
0181 APOSENTADORIAS E PENSOES CIVIS DA UNIAO;1 - Pessoal e Encargos Sociais;44706985,43;26403
2004 ASSISTENCIA MEDICA E ODONTOLOGICA AOS SERVIDORES CIVIS, EMPR;3 - outras despesas correntes;2579542,07;26403
20TP ATIVOS CIVIS DA UNIAO;1 - Pessoal e Encargos Sociais;221060540,6;26403
212B BENEFICIOS OBRIGATORIOS AOS SERVIDORES CIVIS, EMPREGADOS, MI;3 - outras despesas correntes;12301094,93;26403
00PW CONTRIBUICOES A ENTIDADES NACIONAIS SEM EXIGENCIA DE PROGRAM;3 - outras despesas correntes;66930;26403
20RG REESTRUTURACAO E MODERNIZACAO DAS INSTITUICOES DA REDE FEDER;4 - Investimentos;11045775,74;26403
20RL FUNCIONAMENTO DAS INSTITUICOES DA REDE FEDERAL DE EDUCACAO P;4 - Investimentos;1340952,11;26403
20RL FUNCIONAMENTO DAS INSTITUICOES DA REDE FEDERAL DE EDUCACAO P;3 - outras despesas correntes;36939178,53;26403
216H AJUDA DE CUSTO PARA MORADIA OU AUXILIO-MORADIA A AGENTES PUB;3 - outras despesas correntes;139380;26403
2994 ASSISTENCIA AOS ESTUDANTES DAS INSTITUICOES FEDERAIS DE EDUC;3 - outras despesas correntes;3298303,83;26403
4572 CAPACITACAO DE SERVIDORES PUBLICOS FEDERAIS EM PROCESSO DE Q;3 - outras despesas correntes;785044,46;26403
20RG REESTRUTURACAO E MODERNIZACAO DAS INSTITUICOES DA REDE FEDER;4 - Investimentos;423168,02;26403
20RG REESTRUTURACAO E MODERNIZACAO DAS INSTITUICOES DA REDE FEDER;4 - Investimentos;6418496,57;26403
20RG REESTRUTURACAO E MODERNIZACAO DAS INSTITUICOES DA REDE FEDER;3 - outras despesas correntes;23008,1;26403
09HB CONTRIBUICAO DA UNIAO, DE SUAS AUTARQUIAS E FUNDACOES PARA O;1 - Pessoal e Encargos Sociais;42493364,86;26404
0005 SENTENCAS JUDICIAIS TRANSITADAS EM JULGADO (PRECATORIOS);1 - Pessoal e Encargos Sociais;134654,77;26404
0181 APOSENTADORIAS E PENSOES CIVIS DA UNIAO;1 - Pessoal e Encargos Sociais;12663467,44;26404
2004 ASSISTENCIA MEDICA E ODONTOLOGICA AOS SERVIDORES CIVIS, EMPR;3 - outras despesas correntes;2759090,38;26404
20TP ATIVOS CIVIS DA UNIAO;1 - Pessoal e Encargos Sociais;218078686,6;26404
212B BENEFICIOS OBRIGATORIOS AOS SERVIDORES CIVIS, EMPREGADOS, MI;3 - outras despesas correntes;12304754,72;26404
00PW CONTRIBUICOES A ENTIDADES NACIONAIS SEM EXIGENCIA DE PROGRAM;3 - outras despesas correntes;62750;26404
20RG REESTRUTURACAO E MODERNIZACAO DAS INSTITUICOES DA REDE FEDER;4 - Investimentos;1019402,19;26404
20RG REESTRUTURACAO E MODERNIZACAO DAS INSTITUICOES DA REDE FEDER;3 - outras despesas correntes;1061927,35;26404
20RL FUNCIONAMENTO DAS INSTITUICOES DA REDE FEDERAL DE EDUCACAO P;4 - Investimentos;1148061,15;26404
20RL FUNCIONAMENTO DAS INSTITUICOES DA REDE FEDERAL DE EDUCACAO P;3 - outras despesas correntes;30493453,36;26404
216H AJUDA DE CUSTO PARA MORADIA OU AUXILIO-MORADIA A AGENTES PUB;3 - outras despesas correntes;284917;26404
2994 ASSISTENCIA AOS ESTUDANTES DAS INSTITUICOES FEDERAIS DE EDUC;4 - Investimentos;63057,7;26404
2994 ASSISTENCIA AOS ESTUDANTES DAS INSTITUICOES FEDERAIS DE EDUC;3 - outras despesas correntes;7262762,01;26404
4572 CAPACITACAO DE SERVIDORES PUBLICOS FEDERAIS EM PROCESSO DE Q;3 - outras despesas correntes;345755,67;26404
20RG REESTRUTURACAO E MODERNIZACAO DAS INSTITUICOES DA REDE FEDER;4 - Investimentos;608779,51;26404
20RL FUNCIONAMENTO DAS INSTITUICOES DA REDE FEDERAL DE EDUCACAO P;3 - outras despesas correntes;243669,68;26404
09HB CONTRIBUICAO DA UNIAO, DE SUAS AUTARQUIAS E FUNDACOES PARA O;1 - Pessoal e Encargos Sociais;93763129,16;26405
0005 SENTENCAS JUDICIAIS TRANSITADAS EM JULGADO (PRECATORIOS);3 - outras despesas correntes;108313,25;26405
0005 SENTENCAS JUDICIAIS TRANSITADAS EM JULGADO (PRECATORIOS);1 - Pessoal e Encargos Sociais;3226626,16;26405
0181 APOSENTADORIAS E PENSOES CIVIS DA UNIAO;1 - Pessoal e Encargos Sociais;77221738,73;26405
0536 BENEFICIOS E PENSOES INDENIZATORIAS DECORRENTES DE LEGISLACA;3 - outras despesas correntes;4177,84;26405
2004 ASSISTENCIA MEDICA E ODONTOLOGICA AOS SERVIDORES CIVIS, EMPR;3 - outras despesas correntes;6580255,3;26405
20TP ATIVOS CIVIS DA UNIAO;1 - Pessoal e Encargos Sociais;478518281,2;26405
212B BENEFICIOS OBRIGATORIOS AOS SERVIDORES CIVIS, EMPREGADOS, MI;3 - outras despesas correntes;23289652,1;26405
00PW CONTRIBUICOES A ENTIDADES NACIONAIS SEM EXIGENCIA DE PROGRAM;3 - outras despesas correntes;95028;26405
20RG REESTRUTURACAO E MODERNIZACAO DAS INSTITUICOES DA REDE FEDER;4 - Investimentos;581503,93;26405
20RL FUNCIONAMENTO DAS INSTITUICOES DA REDE FEDERAL DE EDUCACAO P;4 - Investimentos;10327506,26;26405
20RL FUNCIONAMENTO DAS INSTITUICOES DA REDE FEDERAL DE EDUCACAO P;3 - outras despesas correntes;63794972,67;26405
216H AJUDA DE CUSTO PARA MORADIA OU AUXILIO-MORADIA A AGENTES PUB;3 - outras despesas correntes;96000;26405
2994 ASSISTENCIA AOS ESTUDANTES DAS INSTITUICOES FEDERAIS DE EDUC;3 - outras despesas correntes;20242065,06;26405
4572 CAPACITACAO DE SERVIDORES PUBLICOS FEDERAIS EM PROCESSO DE Q;3 - outras despesas correntes;735359,86;26405
20RG REESTRUTURACAO E MODERNIZACAO DAS INSTITUICOES DA REDE FEDER;4 - Investimentos;1512518,24;26405
20RL FUNCIONAMENTO DAS INSTITUICOES DA REDE FEDERAL DE EDUCACAO P;3 - outras despesas correntes;235258,68;26405
09HB CONTRIBUICAO DA UNIAO, DE SUAS AUTARQUIAS E FUNDACOES PARA O;1 - Pessoal e Encargos Sociais;84372373,73;26406
0005 SENTENCAS JUDICIAIS TRANSITADAS EM JULGADO (PRECATORIOS);3 - outras despesas correntes;998197,89;26406
0005 SENTENCAS JUDICIAIS TRANSITADAS EM JULGADO (PRECATORIOS);1 - Pessoal e Encargos Sociais;1328912,78;26406
0181 APOSENTADORIAS E PENSOES CIVIS DA UNIAO;1 - Pessoal e Encargos Sociais;104455659,6;26406
2004 ASSISTENCIA MEDICA E ODONTOLOGICA AOS SERVIDORES CIVIS, EMPR;3 - outras despesas correntes;6737244,89;26406
20TP ATIVOS CIVIS DA UNIAO;1 - Pessoal e Encargos Sociais;413705755,7;26406
212B BENEFICIOS OBRIGATORIOS AOS SERVIDORES CIVIS, EMPREGADOS, MI;3 - outras despesas correntes;18830956,32;26406
00PW CONTRIBUICOES A ENTIDADES NACIONAIS SEM EXIGENCIA DE PROGRAM;3 - outras despesas correntes;55696;26406
20RG REESTRUTURACAO E MODERNIZACAO DAS INSTITUICOES DA REDE FEDER;4 - Investimentos;789708,4;26406
20RL FUNCIONAMENTO DAS INSTITUICOES DA REDE FEDERAL DE EDUCACAO P;4 - Investimentos;2055435,63;26406
20RL FUNCIONAMENTO DAS INSTITUICOES DA REDE FEDERAL DE EDUCACAO P;3 - outras despesas correntes;52993580,42;26406
216H AJUDA DE CUSTO PARA MORADIA OU AUXILIO-MORADIA A AGENTES PUB;3 - outras despesas correntes;71230;26406
21B3 FOMENTO AS ACOES DE PESQUISA, EXTENSAO E INOVACAO NAS INSTIT;3 - outras despesas correntes;697894,6;26406
2994 ASSISTENCIA AOS ESTUDANTES DAS INSTITUICOES FEDERAIS DE EDUC;3 - outras despesas correntes;13799567,25;26406
4572 CAPACITACAO DE SERVIDORES PUBLICOS FEDERAIS EM PROCESSO DE Q;3 - outras despesas correntes;339832,05;26406
6380 FOMENTO AO DESENVOLVIMENTO DA EDUCACAO PROFISSIONAL E TECNOL;3 - outras despesas correntes;297883,28;26406
20RG REESTRUTURACAO E MODERNIZACAO DAS INSTITUICOES DA REDE FEDER;4 - Investimentos;5837547,98;26406
20RG REESTRUTURACAO E MODERNIZACAO DAS INSTITUICOES DA REDE FEDER;3 - outras despesas correntes;50303,36;26406
20RL FUNCIONAMENTO DAS INSTITUICOES DA REDE FEDERAL DE EDUCACAO P;4 - Investimentos;889859,2;26406
20RL FUNCIONAMENTO DAS INSTITUICOES DA REDE FEDERAL DE EDUCACAO P;3 - outras despesas correntes;94997,73;26406
20RG REESTRUTURACAO E MODERNIZACAO DAS INSTITUICOES DA REDE FEDER;4 - Investimentos;20121359,56;26406
20RL FUNCIONAMENTO DAS INSTITUICOES DA REDE FEDERAL DE EDUCACAO P;3 - outras despesas correntes;3835923,17;26406
09HB CONTRIBUICAO DA UNIAO, DE SUAS AUTARQUIAS E FUNDACOES PARA O;1 - Pessoal e Encargos Sociais;43294860,51;26407
0181 APOSENTADORIAS E PENSOES CIVIS DA UNIAO;1 - Pessoal e Encargos Sociais;24442928,78;26407
2004 ASSISTENCIA MEDICA E ODONTOLOGICA AOS SERVIDORES CIVIS, EMPR;3 - outras despesas correntes;3527775,79;26407
20TP ATIVOS CIVIS DA UNIAO;1 - Pessoal e Encargos Sociais;198479133,2;26407
212B BENEFICIOS OBRIGATORIOS AOS SERVIDORES CIVIS, EMPREGADOS, MI;3 - outras despesas correntes;9544150,13;26407
00PW CONTRIBUICOES A ENTIDADES NACIONAIS SEM EXIGENCIA DE PROGRAM;3 - outras despesas correntes;66609;26407
20RG REESTRUTURACAO E MODERNIZACAO DAS INSTITUICOES DA REDE FEDER;4 - Investimentos;953806,52;26407
20RL FUNCIONAMENTO DAS INSTITUICOES DA REDE FEDERAL DE EDUCACAO P;4 - Investimentos;2593706,27;26407
20RL FUNCIONAMENTO DAS INSTITUICOES DA REDE FEDERAL DE EDUCACAO P;3 - outras despesas correntes;33953139,93;26407
216H AJUDA DE CUSTO PARA MORADIA OU AUXILIO-MORADIA A AGENTES PUB;3 - outras despesas correntes;366074,11;26407
2994 ASSISTENCIA AOS ESTUDANTES DAS INSTITUICOES FEDERAIS DE EDUC;4 - Investimentos;665335,26;26407
2994 ASSISTENCIA AOS ESTUDANTES DAS INSTITUICOES FEDERAIS DE EDUC;3 - outras despesas correntes;6437589,88;26407
4572 CAPACITACAO DE SERVIDORES PUBLICOS FEDERAIS EM PROCESSO DE Q;3 - outras despesas correntes;1138227,59;26407
4641 PUBLICIDADE DE UTILIDADE PUBLICA;3 - outras despesas correntes;200726,88;26407
20RG REESTRUTURACAO E MODERNIZACAO DAS INSTITUICOES DA REDE FEDER;4 - Investimentos;2543225,52;26407
20RL FUNCIONAMENTO DAS INSTITUICOES DA REDE FEDERAL DE EDUCACAO P;4 - Investimentos;661848,08;26407
09HB CONTRIBUICAO DA UNIAO, DE SUAS AUTARQUIAS E FUNDACOES PARA O;1 - Pessoal e Encargos Sociais;79556198,14;26408
0005 SENTENCAS JUDICIAIS TRANSITADAS EM JULGADO (PRECATORIOS);1 - Pessoal e Encargos Sociais;547740,33;26408
0181 APOSENTADORIAS E PENSOES CIVIS DA UNIAO;1 - Pessoal e Encargos Sociais;49267872,75;26408
2004 ASSISTENCIA MEDICA E ODONTOLOGICA AOS SERVIDORES CIVIS, EMPR;3 - outras despesas correntes;5618191,3;26408
20TP ATIVOS CIVIS DA UNIAO;1 - Pessoal e Encargos Sociais;394744057,4;26408
212B BENEFICIOS OBRIGATORIOS AOS SERVIDORES CIVIS, EMPREGADOS, MI;3 - outras despesas correntes;22008387,22;26408
00PW CONTRIBUICOES A ENTIDADES NACIONAIS SEM EXIGENCIA DE PROGRAM;3 - outras despesas correntes;115887;26408
20RG REESTRUTURACAO E MODERNIZACAO DAS INSTITUICOES DA REDE FEDER;4 - Investimentos;2025071,89;26408
20RL FUNCIONAMENTO DAS INSTITUICOES DA REDE FEDERAL DE EDUCACAO P;4 - Investimentos;5000710,73;26408
20RL FUNCIONAMENTO DAS INSTITUICOES DA REDE FEDERAL DE EDUCACAO P;3 - outras despesas correntes;57135685,65;26408
216H AJUDA DE CUSTO PARA MORADIA OU AUXILIO-MORADIA A AGENTES PUB;3 - outras despesas correntes;152946,37;26408
2994 ASSISTENCIA AOS ESTUDANTES DAS INSTITUICOES FEDERAIS DE EDUC;3 - outras despesas correntes;13239837,05;26408
4572 CAPACITACAO DE SERVIDORES PUBLICOS FEDERAIS EM PROCESSO DE Q;3 - outras despesas correntes;1715994,2;26408
20RG REESTRUTURACAO E MODERNIZACAO DAS INSTITUICOES DA REDE FEDER;4 - Investimentos;3296023,68;26408
20RL FUNCIONAMENTO DAS INSTITUICOES DA REDE FEDERAL DE EDUCACAO P;4 - Investimentos;368879,19;26408
09HB CONTRIBUICAO DA UNIAO, DE SUAS AUTARQUIAS E FUNDACOES PARA O;1 - Pessoal e Encargos Sociais;49621954,64;26409
0005 SENTENCAS JUDICIAIS TRANSITADAS EM JULGADO (PRECATORIOS);1 - Pessoal e Encargos Sociais;264208,03;26409
0181 APOSENTADORIAS E PENSOES CIVIS DA UNIAO;1 - Pessoal e Encargos Sociais;45974801,4;26409
2004 ASSISTENCIA MEDICA E ODONTOLOGICA AOS SERVIDORES CIVIS, EMPR;3 - outras despesas correntes;5035464;26409
20TP ATIVOS CIVIS DA UNIAO;1 - Pessoal e Encargos Sociais;266435669,7;26409
212B BENEFICIOS OBRIGATORIOS AOS SERVIDORES CIVIS, EMPREGADOS, MI;3 - outras despesas correntes;13547670,21;26409
00PW CONTRIBUICOES A ENTIDADES NACIONAIS SEM EXIGENCIA DE PROGRAM;3 - outras despesas correntes;64629;26409
20RG REESTRUTURACAO E MODERNIZACAO DAS INSTITUICOES DA REDE FEDER;4 - Investimentos;312669,21;26409
20RL FUNCIONAMENTO DAS INSTITUICOES DA REDE FEDERAL DE EDUCACAO P;4 - Investimentos;7973958,14;26409
20RL FUNCIONAMENTO DAS INSTITUICOES DA REDE FEDERAL DE EDUCACAO P;3 - outras despesas correntes;26158656,97;26409
216H AJUDA DE CUSTO PARA MORADIA OU AUXILIO-MORADIA A AGENTES PUB;3 - outras despesas correntes;303267,15;26409
21B3 FOMENTO AS ACOES DE PESQUISA, EXTENSAO E INOVACAO NAS INSTIT;4 - Investimentos;385470,53;26409
21B3 FOMENTO AS ACOES DE PESQUISA, EXTENSAO E INOVACAO NAS INSTIT;3 - outras despesas correntes;1210834,55;26409
2994 ASSISTENCIA AOS ESTUDANTES DAS INSTITUICOES FEDERAIS DE EDUC;4 - Investimentos;31052,9;26409
2994 ASSISTENCIA AOS ESTUDANTES DAS INSTITUICOES FEDERAIS DE EDUC;3 - outras despesas correntes;11822708,75;26409
4572 CAPACITACAO DE SERVIDORES PUBLICOS FEDERAIS EM PROCESSO DE Q;3 - outras despesas correntes;493278,1;26409
6380 FOMENTO AO DESENVOLVIMENTO DA EDUCACAO PROFISSIONAL E TECNOL;4 - Investimentos;561165,14;26409
6380 FOMENTO AO DESENVOLVIMENTO DA EDUCACAO PROFISSIONAL E TECNOL;3 - outras despesas correntes;801795,21;26409
20RG REESTRUTURACAO E MODERNIZACAO DAS INSTITUICOES DA REDE FEDER;4 - Investimentos;141923;26409
20RG REESTRUTURACAO E MODERNIZACAO DAS INSTITUICOES DA REDE FEDER;3 - outras despesas correntes;49433,83;26409
20RL FUNCIONAMENTO DAS INSTITUICOES DA REDE FEDERAL DE EDUCACAO P;3 - outras despesas correntes;58039,8;26409
21B3 FOMENTO AS ACOES DE PESQUISA, EXTENSAO E INOVACAO NAS INSTIT;4 - Investimentos;152152,71;26409
21B3 FOMENTO AS ACOES DE PESQUISA, EXTENSAO E INOVACAO NAS INSTIT;3 - outras despesas correntes;83966,65;26409
09HB CONTRIBUICAO DA UNIAO, DE SUAS AUTARQUIAS E FUNDACOES PARA O;1 - Pessoal e Encargos Sociais;33144685,48;26410
0005 SENTENCAS JUDICIAIS TRANSITADAS EM JULGADO (PRECATORIOS);1 - Pessoal e Encargos Sociais;279365,45;26410
0181 APOSENTADORIAS E PENSOES CIVIS DA UNIAO;1 - Pessoal e Encargos Sociais;16164442,43;26410
2004 ASSISTENCIA MEDICA E ODONTOLOGICA AOS SERVIDORES CIVIS, EMPR;3 - outras despesas correntes;3493088,21;26410
20TP ATIVOS CIVIS DA UNIAO;1 - Pessoal e Encargos Sociais;176192649,2;26410
212B BENEFICIOS OBRIGATORIOS AOS SERVIDORES CIVIS, EMPREGADOS, MI;3 - outras despesas correntes;9122160,18;26410
00PW CONTRIBUICOES A ENTIDADES NACIONAIS SEM EXIGENCIA DE PROGRAM;3 - outras despesas correntes;54906;26410
20RG REESTRUTURACAO E MODERNIZACAO DAS INSTITUICOES DA REDE FEDER;4 - Investimentos;1838079,65;26410
20RL FUNCIONAMENTO DAS INSTITUICOES DA REDE FEDERAL DE EDUCACAO P;4 - Investimentos;908856,02;26410
20RL FUNCIONAMENTO DAS INSTITUICOES DA REDE FEDERAL DE EDUCACAO P;3 - outras despesas correntes;25927176,43;26410
216H AJUDA DE CUSTO PARA MORADIA OU AUXILIO-MORADIA A AGENTES PUB;3 - outras despesas correntes;209906,67;26410
21B3 FOMENTO AS ACOES DE PESQUISA, EXTENSAO E INOVACAO NAS INSTIT;3 - outras despesas correntes;871221,21;26410
2994 ASSISTENCIA AOS ESTUDANTES DAS INSTITUICOES FEDERAIS DE EDUC;3 - outras despesas correntes;8529134,21;26410
4572 CAPACITACAO DE SERVIDORES PUBLICOS FEDERAIS EM PROCESSO DE Q;3 - outras despesas correntes;1195121,31;26410
6380 FOMENTO AO DESENVOLVIMENTO DA EDUCACAO PROFISSIONAL E TECNOL;3 - outras despesas correntes;629200,64;26410
20RG REESTRUTURACAO E MODERNIZACAO DAS INSTITUICOES DA REDE FEDER;4 - Investimentos;3036437,33;26410
20RG REESTRUTURACAO E MODERNIZACAO DAS INSTITUICOES DA REDE FEDER;3 - outras despesas correntes;402287,35;26410
20RL FUNCIONAMENTO DAS INSTITUICOES DA REDE FEDERAL DE EDUCACAO P;3 - outras despesas correntes;112308,44;26410
09HB CONTRIBUICAO DA UNIAO, DE SUAS AUTARQUIAS E FUNDACOES PARA O;1 - Pessoal e Encargos Sociais;37118032,89;26411
0005 SENTENCAS JUDICIAIS TRANSITADAS EM JULGADO (PRECATORIOS);1 - Pessoal e Encargos Sociais;168920,92;26411
0181 APOSENTADORIAS E PENSOES CIVIS DA UNIAO;1 - Pessoal e Encargos Sociais;43572319,21;26411
0536 BENEFICIOS E PENSOES INDENIZATORIAS DECORRENTES DE LEGISLACA;3 - outras despesas correntes;12534;26411
2004 ASSISTENCIA MEDICA E ODONTOLOGICA AOS SERVIDORES CIVIS, EMPR;3 - outras despesas correntes;3501640,11;26411
20TP ATIVOS CIVIS DA UNIAO;1 - Pessoal e Encargos Sociais;179705779,1;26411
212B BENEFICIOS OBRIGATORIOS AOS SERVIDORES CIVIS, EMPREGADOS, MI;3 - outras despesas correntes;8853887,5;26411
00PW CONTRIBUICOES A ENTIDADES NACIONAIS SEM EXIGENCIA DE PROGRAM;3 - outras despesas correntes;52680;26411
20RG REESTRUTURACAO E MODERNIZACAO DAS INSTITUICOES DA REDE FEDER;4 - Investimentos;3568849,47;26411
20RL FUNCIONAMENTO DAS INSTITUICOES DA REDE FEDERAL DE EDUCACAO P;4 - Investimentos;971134,84;26411
20RL FUNCIONAMENTO DAS INSTITUICOES DA REDE FEDERAL DE EDUCACAO P;3 - outras despesas correntes;22640767,8;26411
216H AJUDA DE CUSTO PARA MORADIA OU AUXILIO-MORADIA A AGENTES PUB;3 - outras despesas correntes;263985,67;26411
2994 ASSISTENCIA AOS ESTUDANTES DAS INSTITUICOES FEDERAIS DE EDUC;3 - outras despesas correntes;7975481,19;26411
4572 CAPACITACAO DE SERVIDORES PUBLICOS FEDERAIS EM PROCESSO DE Q;3 - outras despesas correntes;353784,53;26411
20RG REESTRUTURACAO E MODERNIZACAO DAS INSTITUICOES DA REDE FEDER;4 - Investimentos;790985,52;26411
20RL FUNCIONAMENTO DAS INSTITUICOES DA REDE FEDERAL DE EDUCACAO P;4 - Investimentos;2933,96;26411
20RL FUNCIONAMENTO DAS INSTITUICOES DA REDE FEDERAL DE EDUCACAO P;3 - outras despesas correntes;183886,38;26411
09HB CONTRIBUICAO DA UNIAO, DE SUAS AUTARQUIAS E FUNDACOES PARA O;1 - Pessoal e Encargos Sociais;31082651,89;26412
0181 APOSENTADORIAS E PENSOES CIVIS DA UNIAO;1 - Pessoal e Encargos Sociais;37805147,12;26412
2004 ASSISTENCIA MEDICA E ODONTOLOGICA AOS SERVIDORES CIVIS, EMPR;3 - outras despesas correntes;3120923,11;26412
20TP ATIVOS CIVIS DA UNIAO;1 - Pessoal e Encargos Sociais;162953600;26412
212B BENEFICIOS OBRIGATORIOS AOS SERVIDORES CIVIS, EMPREGADOS, MI;3 - outras despesas correntes;7852122,3;26412
00PW CONTRIBUICOES A ENTIDADES NACIONAIS SEM EXIGENCIA DE PROGRAM;3 - outras despesas correntes;55986,69;26412
20RL FUNCIONAMENTO DAS INSTITUICOES DA REDE FEDERAL DE EDUCACAO P;4 - Investimentos;2778539,73;26412
20RL FUNCIONAMENTO DAS INSTITUICOES DA REDE FEDERAL DE EDUCACAO P;3 - outras despesas correntes;30786689,21;26412
216H AJUDA DE CUSTO PARA MORADIA OU AUXILIO-MORADIA A AGENTES PUB;3 - outras despesas correntes;297674,29;26412
2994 ASSISTENCIA AOS ESTUDANTES DAS INSTITUICOES FEDERAIS DE EDUC;4 - Investimentos;1220435,62;26412
2994 ASSISTENCIA AOS ESTUDANTES DAS INSTITUICOES FEDERAIS DE EDUC;3 - outras despesas correntes;8602955,79;26412
4572 CAPACITACAO DE SERVIDORES PUBLICOS FEDERAIS EM PROCESSO DE Q;3 - outras despesas correntes;95135,8;26412
20RG REESTRUTURACAO E MODERNIZACAO DAS INSTITUICOES DA REDE FEDER;4 - Investimentos;604688,85;26412
20RL FUNCIONAMENTO DAS INSTITUICOES DA REDE FEDERAL DE EDUCACAO P;3 - outras despesas correntes;114529,29;26412
09HB CONTRIBUICAO DA UNIAO, DE SUAS AUTARQUIAS E FUNDACOES PARA O;1 - Pessoal e Encargos Sociais;31205937,12;26413
0181 APOSENTADORIAS E PENSOES CIVIS DA UNIAO;1 - Pessoal e Encargos Sociais;26353553,68;26413
2004 ASSISTENCIA MEDICA E ODONTOLOGICA AOS SERVIDORES CIVIS, EMPR;3 - outras despesas correntes;2956285,71;26413
20TP ATIVOS CIVIS DA UNIAO;1 - Pessoal e Encargos Sociais;154618963,7;26413
212B BENEFICIOS OBRIGATORIOS AOS SERVIDORES CIVIS, EMPREGADOS, MI;3 - outras despesas correntes;7927500,28;26413
00PW CONTRIBUICOES A ENTIDADES NACIONAIS SEM EXIGENCIA DE PROGRAM;3 - outras despesas correntes;42280;26413
20RG REESTRUTURACAO E MODERNIZACAO DAS INSTITUICOES DA REDE FEDER;4 - Investimentos;3972868,25;26413
20RL FUNCIONAMENTO DAS INSTITUICOES DA REDE FEDERAL DE EDUCACAO P;4 - Investimentos;83616,61;26413
20RL FUNCIONAMENTO DAS INSTITUICOES DA REDE FEDERAL DE EDUCACAO P;3 - outras despesas correntes;20121018,85;26413
216H AJUDA DE CUSTO PARA MORADIA OU AUXILIO-MORADIA A AGENTES PUB;3 - outras despesas correntes;14407,71;26413
21B3 FOMENTO AS ACOES DE PESQUISA, EXTENSAO E INOVACAO NAS INSTIT;3 - outras despesas correntes;395885,07;26413
2994 ASSISTENCIA AOS ESTUDANTES DAS INSTITUICOES FEDERAIS DE EDUC;3 - outras despesas correntes;3254573,94;26413
4572 CAPACITACAO DE SERVIDORES PUBLICOS FEDERAIS EM PROCESSO DE Q;3 - outras despesas correntes;121321,29;26413
6380 FOMENTO AO DESENVOLVIMENTO DA EDUCACAO PROFISSIONAL E TECNOL;3 - outras despesas correntes;29923,29;26413
20RG REESTRUTURACAO E MODERNIZACAO DAS INSTITUICOES DA REDE FEDER;4 - Investimentos;609179,84;26413
09HB CONTRIBUICAO DA UNIAO, DE SUAS AUTARQUIAS E FUNDACOES PARA O;1 - Pessoal e Encargos Sociais;51232490,18;26414
0005 SENTENCAS JUDICIAIS TRANSITADAS EM JULGADO (PRECATORIOS);1 - Pessoal e Encargos Sociais;721322,82;26414
0181 APOSENTADORIAS E PENSOES CIVIS DA UNIAO;1 - Pessoal e Encargos Sociais;59107520,56;26414
2004 ASSISTENCIA MEDICA E ODONTOLOGICA AOS SERVIDORES CIVIS, EMPR;3 - outras despesas correntes;3530408,92;26414
20TP ATIVOS CIVIS DA UNIAO;1 - Pessoal e Encargos Sociais;269250267,3;26414
212B BENEFICIOS OBRIGATORIOS AOS SERVIDORES CIVIS, EMPREGADOS, MI;3 - outras despesas correntes;14365539,85;26414
00PW CONTRIBUICOES A ENTIDADES NACIONAIS SEM EXIGENCIA DE PROGRAM;3 - outras despesas correntes;98583;26414
20RG REESTRUTURACAO E MODERNIZACAO DAS INSTITUICOES DA REDE FEDER;4 - Investimentos;2263238,37;26414
20RL FUNCIONAMENTO DAS INSTITUICOES DA REDE FEDERAL DE EDUCACAO P;4 - Investimentos;5466869,79;26414
20RL FUNCIONAMENTO DAS INSTITUICOES DA REDE FEDERAL DE EDUCACAO P;3 - outras despesas correntes;43243195,51;26414
216H AJUDA DE CUSTO PARA MORADIA OU AUXILIO-MORADIA A AGENTES PUB;3 - outras despesas correntes;58910,55;26414
2994 ASSISTENCIA AOS ESTUDANTES DAS INSTITUICOES FEDERAIS DE EDUC;4 - Investimentos;436379,79;26414
2994 ASSISTENCIA AOS ESTUDANTES DAS INSTITUICOES FEDERAIS DE EDUC;3 - outras despesas correntes;12202876,87;26414
4572 CAPACITACAO DE SERVIDORES PUBLICOS FEDERAIS EM PROCESSO DE Q;3 - outras despesas correntes;703146,89;26414
20RG REESTRUTURACAO E MODERNIZACAO DAS INSTITUICOES DA REDE FEDER;4 - Investimentos;143238,44;26414
09HB CONTRIBUICAO DA UNIAO, DE SUAS AUTARQUIAS E FUNDACOES PARA O;1 - Pessoal e Encargos Sociais;24762300,72;26415
0181 APOSENTADORIAS E PENSOES CIVIS DA UNIAO;1 - Pessoal e Encargos Sociais;1251970,43;26415
2004 ASSISTENCIA MEDICA E ODONTOLOGICA AOS SERVIDORES CIVIS, EMPR;3 - outras despesas correntes;1582901;26415
20TP ATIVOS CIVIS DA UNIAO;1 - Pessoal e Encargos Sociais;145142713,7;26415
212B BENEFICIOS OBRIGATORIOS AOS SERVIDORES CIVIS, EMPREGADOS, MI;3 - outras despesas correntes;7905492,28;26415
00PW CONTRIBUICOES A ENTIDADES NACIONAIS SEM EXIGENCIA DE PROGRAM;3 - outras despesas correntes;37917;26415
20RL FUNCIONAMENTO DAS INSTITUICOES DA REDE FEDERAL DE EDUCACAO P;4 - Investimentos;3747147,79;26415
20RL FUNCIONAMENTO DAS INSTITUICOES DA REDE FEDERAL DE EDUCACAO P;3 - outras despesas correntes;18902809,46;26415
2994 ASSISTENCIA AOS ESTUDANTES DAS INSTITUICOES FEDERAIS DE EDUC;3 - outras despesas correntes;4951846,4;26415
4572 CAPACITACAO DE SERVIDORES PUBLICOS FEDERAIS EM PROCESSO DE Q;3 - outras despesas correntes;215542;26415
09HB CONTRIBUICAO DA UNIAO, DE SUAS AUTARQUIAS E FUNDACOES PARA O;1 - Pessoal e Encargos Sociais;56286611,18;26416
0005 SENTENCAS JUDICIAIS TRANSITADAS EM JULGADO (PRECATORIOS);3 - outras despesas correntes;2831308,77;26416
0005 SENTENCAS JUDICIAIS TRANSITADAS EM JULGADO (PRECATORIOS);1 - Pessoal e Encargos Sociais;179854,76;26416
0181 APOSENTADORIAS E PENSOES CIVIS DA UNIAO;1 - Pessoal e Encargos Sociais;58990381,11;26416
2004 ASSISTENCIA MEDICA E ODONTOLOGICA AOS SERVIDORES CIVIS, EMPR;3 - outras despesas correntes;3789239,04;26416
20TP ATIVOS CIVIS DA UNIAO;1 - Pessoal e Encargos Sociais;286499865,9;26416
212B BENEFICIOS OBRIGATORIOS AOS SERVIDORES CIVIS, EMPREGADOS, MI;3 - outras despesas correntes;15340268,55;26416
00PW CONTRIBUICOES A ENTIDADES NACIONAIS SEM EXIGENCIA DE PROGRAM;3 - outras despesas correntes;70933;26416
20RG REESTRUTURACAO E MODERNIZACAO DAS INSTITUICOES DA REDE FEDER;4 - Investimentos;1553059,57;26416
20RL FUNCIONAMENTO DAS INSTITUICOES DA REDE FEDERAL DE EDUCACAO P;4 - Investimentos;3834599,13;26416
20RL FUNCIONAMENTO DAS INSTITUICOES DA REDE FEDERAL DE EDUCACAO P;3 - outras despesas correntes;37294478,3;26416
216H AJUDA DE CUSTO PARA MORADIA OU AUXILIO-MORADIA A AGENTES PUB;3 - outras despesas correntes;63433,62;26416
2994 ASSISTENCIA AOS ESTUDANTES DAS INSTITUICOES FEDERAIS DE EDUC;4 - Investimentos;580789,56;26416
2994 ASSISTENCIA AOS ESTUDANTES DAS INSTITUICOES FEDERAIS DE EDUC;3 - outras despesas correntes;17446120,5;26416
4572 CAPACITACAO DE SERVIDORES PUBLICOS FEDERAIS EM PROCESSO DE Q;3 - outras despesas correntes;145430,6;26416
20RG REESTRUTURACAO E MODERNIZACAO DAS INSTITUICOES DA REDE FEDER;4 - Investimentos;531838,21;26416
20RL FUNCIONAMENTO DAS INSTITUICOES DA REDE FEDERAL DE EDUCACAO P;4 - Investimentos;649930,47;26416
20RL FUNCIONAMENTO DAS INSTITUICOES DA REDE FEDERAL DE EDUCACAO P;3 - outras despesas correntes;261627,54;26416
20RG REESTRUTURACAO E MODERNIZACAO DAS INSTITUICOES DA REDE FEDER;4 - Investimentos;3935012,5;26416
09HB CONTRIBUICAO DA UNIAO, DE SUAS AUTARQUIAS E FUNDACOES PARA O;1 - Pessoal e Encargos Sociais;68078263,44;26417
0005 SENTENCAS JUDICIAIS TRANSITADAS EM JULGADO (PRECATORIOS);3 - outras despesas correntes;6601,69;26417
0005 SENTENCAS JUDICIAIS TRANSITADAS EM JULGADO (PRECATORIOS);1 - Pessoal e Encargos Sociais;1473281,74;26417
0181 APOSENTADORIAS E PENSOES CIVIS DA UNIAO;1 - Pessoal e Encargos Sociais;85314329,31;26417
2004 ASSISTENCIA MEDICA E ODONTOLOGICA AOS SERVIDORES CIVIS, EMPR;3 - outras despesas correntes;5474494,87;26417
20TP ATIVOS CIVIS DA UNIAO;1 - Pessoal e Encargos Sociais;341160384,6;26417
212B BENEFICIOS OBRIGATORIOS AOS SERVIDORES CIVIS, EMPREGADOS, MI;3 - outras despesas correntes;16297323,38;26417
00OQ CONTRIBUICOES A ORGANISMOS INTERNACIONAIS SEM EXIGENCIA DE P;3 - outras despesas correntes;4349;26417
00PW CONTRIBUICOES A ENTIDADES NACIONAIS SEM EXIGENCIA DE PROGRAM;3 - outras despesas correntes;86228;26417
20RG REESTRUTURACAO E MODERNIZACAO DAS INSTITUICOES DA REDE FEDER;4 - Investimentos;1518981,93;26417
20RL FUNCIONAMENTO DAS INSTITUICOES DA REDE FEDERAL DE EDUCACAO P;4 - Investimentos;7181343,15;26417
20RL FUNCIONAMENTO DAS INSTITUICOES DA REDE FEDERAL DE EDUCACAO P;3 - outras despesas correntes;38186103,02;26417
216H AJUDA DE CUSTO PARA MORADIA OU AUXILIO-MORADIA A AGENTES PUB;3 - outras despesas correntes;117727;26417
2994 ASSISTENCIA AOS ESTUDANTES DAS INSTITUICOES FEDERAIS DE EDUC;3 - outras despesas correntes;14246767,67;26417
4572 CAPACITACAO DE SERVIDORES PUBLICOS FEDERAIS EM PROCESSO DE Q;4 - Investimentos;18659;26417
4572 CAPACITACAO DE SERVIDORES PUBLICOS FEDERAIS EM PROCESSO DE Q;3 - outras despesas correntes;546641,73;26417
20RG REESTRUTURACAO E MODERNIZACAO DAS INSTITUICOES DA REDE FEDER;4 - Investimentos;857807,61;26417
20RG REESTRUTURACAO E MODERNIZACAO DAS INSTITUICOES DA REDE FEDER;3 - outras despesas correntes;17780,83;26417
20RL FUNCIONAMENTO DAS INSTITUICOES DA REDE FEDERAL DE EDUCACAO P;4 - Investimentos;184275,88;26417
09HB CONTRIBUICAO DA UNIAO, DE SUAS AUTARQUIAS E FUNDACOES PARA O;1 - Pessoal e Encargos Sociais;59389426,41;26418
0005 SENTENCAS JUDICIAIS TRANSITADAS EM JULGADO (PRECATORIOS);3 - outras despesas correntes;107412,64;26418
0005 SENTENCAS JUDICIAIS TRANSITADAS EM JULGADO (PRECATORIOS);1 - Pessoal e Encargos Sociais;697090,07;26418
0181 APOSENTADORIAS E PENSOES CIVIS DA UNIAO;1 - Pessoal e Encargos Sociais;111853608;26418
2004 ASSISTENCIA MEDICA E ODONTOLOGICA AOS SERVIDORES CIVIS, EMPR;3 - outras despesas correntes;5689674,44;26418
20TP ATIVOS CIVIS DA UNIAO;1 - Pessoal e Encargos Sociais;316812021,2;26418
212B BENEFICIOS OBRIGATORIOS AOS SERVIDORES CIVIS, EMPREGADOS, MI;3 - outras despesas correntes;15558909,59;26418
00PW CONTRIBUICOES A ENTIDADES NACIONAIS SEM EXIGENCIA DE PROGRAM;3 - outras despesas correntes;81049;26418
20RL FUNCIONAMENTO DAS INSTITUICOES DA REDE FEDERAL DE EDUCACAO P;4 - Investimentos;2469596,51;26418
20RL FUNCIONAMENTO DAS INSTITUICOES DA REDE FEDERAL DE EDUCACAO P;3 - outras despesas correntes;40909270,61;26418
216H AJUDA DE CUSTO PARA MORADIA OU AUXILIO-MORADIA A AGENTES PUB;3 - outras despesas correntes;59003,11;26418
2994 ASSISTENCIA AOS ESTUDANTES DAS INSTITUICOES FEDERAIS DE EDUC;3 - outras despesas correntes;14274851,39;26418
4572 CAPACITACAO DE SERVIDORES PUBLICOS FEDERAIS EM PROCESSO DE Q;3 - outras despesas correntes;191946,51;26418
09HB CONTRIBUICAO DA UNIAO, DE SUAS AUTARQUIAS E FUNDACOES PARA O;1 - Pessoal e Encargos Sociais;58073665,62;26419
0005 SENTENCAS JUDICIAIS TRANSITADAS EM JULGADO (PRECATORIOS);3 - outras despesas correntes;192200,38;26419
0005 SENTENCAS JUDICIAIS TRANSITADAS EM JULGADO (PRECATORIOS);1 - Pessoal e Encargos Sociais;9740902,23;26419
0181 APOSENTADORIAS E PENSOES CIVIS DA UNIAO;1 - Pessoal e Encargos Sociais;31022326,17;26419
0536 BENEFICIOS E PENSOES INDENIZATORIAS DECORRENTES DE LEGISLACA;3 - outras despesas correntes;27823,33;26419
2004 ASSISTENCIA MEDICA E ODONTOLOGICA AOS SERVIDORES CIVIS, EMPR;3 - outras despesas correntes;4478563,13;26419
20TP ATIVOS CIVIS DA UNIAO;1 - Pessoal e Encargos Sociais;305245692,5;26419
212B BENEFICIOS OBRIGATORIOS AOS SERVIDORES CIVIS, EMPREGADOS, MI;3 - outras despesas correntes;15312804,65;26419
00PW CONTRIBUICOES A ENTIDADES NACIONAIS SEM EXIGENCIA DE PROGRAM;3 - outras despesas correntes;69059;26419
20RG REESTRUTURACAO E MODERNIZACAO DAS INSTITUICOES DA REDE FEDER;4 - Investimentos;175560,69;26419
20RL FUNCIONAMENTO DAS INSTITUICOES DA REDE FEDERAL DE EDUCACAO P;4 - Investimentos;6158658,7;26419
20RL FUNCIONAMENTO DAS INSTITUICOES DA REDE FEDERAL DE EDUCACAO P;3 - outras despesas correntes;31732970,07;26419
216H AJUDA DE CUSTO PARA MORADIA OU AUXILIO-MORADIA A AGENTES PUB;3 - outras despesas correntes;253243,76;26419
2994 ASSISTENCIA AOS ESTUDANTES DAS INSTITUICOES FEDERAIS DE EDUC;3 - outras despesas correntes;12044983,8;26419
4572 CAPACITACAO DE SERVIDORES PUBLICOS FEDERAIS EM PROCESSO DE Q;3 - outras despesas correntes;403103,29;26419
6380 FOMENTO AO DESENVOLVIMENTO DA EDUCACAO PROFISSIONAL E TECNOL;3 - outras despesas correntes;7655,23;26419
20RG REESTRUTURACAO E MODERNIZACAO DAS INSTITUICOES DA REDE FEDER;4 - Investimentos;1346019,98;26419
20RL FUNCIONAMENTO DAS INSTITUICOES DA REDE FEDERAL DE EDUCACAO P;4 - Investimentos;192837,64;26419
20RL FUNCIONAMENTO DAS INSTITUICOES DA REDE FEDERAL DE EDUCACAO P;3 - outras despesas correntes;317367,36;26419
6380 FOMENTO AO DESENVOLVIMENTO DA EDUCACAO PROFISSIONAL E TECNOL;4 - Investimentos;126427,28;26419
6380 FOMENTO AO DESENVOLVIMENTO DA EDUCACAO PROFISSIONAL E TECNOL;3 - outras despesas correntes;39298,39;26419
09HB CONTRIBUICAO DA UNIAO, DE SUAS AUTARQUIAS E FUNDACOES PARA O;1 - Pessoal e Encargos Sociais;39184305,06;26420
0005 SENTENCAS JUDICIAIS TRANSITADAS EM JULGADO (PRECATORIOS);1 - Pessoal e Encargos Sociais;2017614,39;26420
0181 APOSENTADORIAS E PENSOES CIVIS DA UNIAO;1 - Pessoal e Encargos Sociais;17466640,31;26420
2004 ASSISTENCIA MEDICA E ODONTOLOGICA AOS SERVIDORES CIVIS, EMPR;3 - outras despesas correntes;2120101,18;26420
20TP ATIVOS CIVIS DA UNIAO;1 - Pessoal e Encargos Sociais;201446566,7;26420
212B BENEFICIOS OBRIGATORIOS AOS SERVIDORES CIVIS, EMPREGADOS, MI;3 - outras despesas correntes;9814666,21;26420
00OQ CONTRIBUICOES A ORGANISMOS INTERNACIONAIS SEM EXIGENCIA DE P;3 - outras despesas correntes;5799;26420
00PW CONTRIBUICOES A ENTIDADES NACIONAIS SEM EXIGENCIA DE PROGRAM;3 - outras despesas correntes;56453;26420
20RL FUNCIONAMENTO DAS INSTITUICOES DA REDE FEDERAL DE EDUCACAO P;4 - Investimentos;3569154,82;26420
20RL FUNCIONAMENTO DAS INSTITUICOES DA REDE FEDERAL DE EDUCACAO P;3 - outras despesas correntes;26435031,17;26420
216H AJUDA DE CUSTO PARA MORADIA OU AUXILIO-MORADIA A AGENTES PUB;3 - outras despesas correntes;126929,81;26420
2994 ASSISTENCIA AOS ESTUDANTES DAS INSTITUICOES FEDERAIS DE EDUC;4 - Investimentos;81496,03;26420
2994 ASSISTENCIA AOS ESTUDANTES DAS INSTITUICOES FEDERAIS DE EDUC;3 - outras despesas correntes;8805790,71;26420
4572 CAPACITACAO DE SERVIDORES PUBLICOS FEDERAIS EM PROCESSO DE Q;3 - outras despesas correntes;223550;26420
20RG REESTRUTURACAO E MODERNIZACAO DAS INSTITUICOES DA REDE FEDER;4 - Investimentos;479819,89;26420
20RL FUNCIONAMENTO DAS INSTITUICOES DA REDE FEDERAL DE EDUCACAO P;4 - Investimentos;289140,96;26420
20RL FUNCIONAMENTO DAS INSTITUICOES DA REDE FEDERAL DE EDUCACAO P;3 - outras despesas correntes;192102,52;26420
09HB CONTRIBUICAO DA UNIAO, DE SUAS AUTARQUIAS E FUNDACOES PARA O;1 - Pessoal e Encargos Sociais;25476120,86;26421
0005 SENTENCAS JUDICIAIS TRANSITADAS EM JULGADO (PRECATORIOS);1 - Pessoal e Encargos Sociais;129844,72;26421
0181 APOSENTADORIAS E PENSOES CIVIS DA UNIAO;1 - Pessoal e Encargos Sociais;5546168,89;26421
2004 ASSISTENCIA MEDICA E ODONTOLOGICA AOS SERVIDORES CIVIS, EMPR;3 - outras despesas correntes;2135636,67;26421
20TP ATIVOS CIVIS DA UNIAO;1 - Pessoal e Encargos Sociais;145145514;26421
212B BENEFICIOS OBRIGATORIOS AOS SERVIDORES CIVIS, EMPREGADOS, MI;3 - outras despesas correntes;8031951,62;26421
00PW CONTRIBUICOES A ENTIDADES NACIONAIS SEM EXIGENCIA DE PROGRAM;3 - outras despesas correntes;57200;26421
20RL FUNCIONAMENTO DAS INSTITUICOES DA REDE FEDERAL DE EDUCACAO P;4 - Investimentos;3158738,14;26421
20RL FUNCIONAMENTO DAS INSTITUICOES DA REDE FEDERAL DE EDUCACAO P;3 - outras despesas correntes;24891496,92;26421
216H AJUDA DE CUSTO PARA MORADIA OU AUXILIO-MORADIA A AGENTES PUB;3 - outras despesas correntes;245135,42;26421
2994 ASSISTENCIA AOS ESTUDANTES DAS INSTITUICOES FEDERAIS DE EDUC;3 - outras despesas correntes;7346509,39;26421
4572 CAPACITACAO DE SERVIDORES PUBLICOS FEDERAIS EM PROCESSO DE Q;3 - outras despesas correntes;1033890,57;26421
4641 PUBLICIDADE DE UTILIDADE PUBLICA;3 - outras despesas correntes;1419,48;26421
20RG REESTRUTURACAO E MODERNIZACAO DAS INSTITUICOES DA REDE FEDER;4 - Investimentos;5464449,47;26421
09HB CONTRIBUICAO DA UNIAO, DE SUAS AUTARQUIAS E FUNDACOES PARA O;1 - Pessoal e Encargos Sociais;47184692,27;26422
0005 SENTENCAS JUDICIAIS TRANSITADAS EM JULGADO (PRECATORIOS);1 - Pessoal e Encargos Sociais;3041318,93;26422
0181 APOSENTADORIAS E PENSOES CIVIS DA UNIAO;1 - Pessoal e Encargos Sociais;23623370,41;26422
2004 ASSISTENCIA MEDICA E ODONTOLOGICA AOS SERVIDORES CIVIS, EMPR;3 - outras despesas correntes;3544928,05;26422
20TP ATIVOS CIVIS DA UNIAO;1 - Pessoal e Encargos Sociais;248493543,2;26422
212B BENEFICIOS OBRIGATORIOS AOS SERVIDORES CIVIS, EMPREGADOS, MI;3 - outras despesas correntes;12215664,86;26422
00PW CONTRIBUICOES A ENTIDADES NACIONAIS SEM EXIGENCIA DE PROGRAM;3 - outras despesas correntes;68598;26422
20RL FUNCIONAMENTO DAS INSTITUICOES DA REDE FEDERAL DE EDUCACAO P;4 - Investimentos;6176471,74;26422
20RL FUNCIONAMENTO DAS INSTITUICOES DA REDE FEDERAL DE EDUCACAO P;3 - outras despesas correntes;34814758,19;26422
216H AJUDA DE CUSTO PARA MORADIA OU AUXILIO-MORADIA A AGENTES PUB;3 - outras despesas correntes;284527,18;26422
2994 ASSISTENCIA AOS ESTUDANTES DAS INSTITUICOES FEDERAIS DE EDUC;3 - outras despesas correntes;8643064,45;26422
4572 CAPACITACAO DE SERVIDORES PUBLICOS FEDERAIS EM PROCESSO DE Q;3 - outras despesas correntes;183254,71;26422
4641 PUBLICIDADE DE UTILIDADE PUBLICA;3 - outras despesas correntes;137301;26422
20RG REESTRUTURACAO E MODERNIZACAO DAS INSTITUICOES DA REDE FEDER;4 - Investimentos;93476,07;26422
09HB CONTRIBUICAO DA UNIAO, DE SUAS AUTARQUIAS E FUNDACOES PARA O;1 - Pessoal e Encargos Sociais;33049940,9;26423
0005 SENTENCAS JUDICIAIS TRANSITADAS EM JULGADO (PRECATORIOS);1 - Pessoal e Encargos Sociais;3013807,37;26423
0181 APOSENTADORIAS E PENSOES CIVIS DA UNIAO;1 - Pessoal e Encargos Sociais;49280555,1;26423
2004 ASSISTENCIA MEDICA E ODONTOLOGICA AOS SERVIDORES CIVIS, EMPR;3 - outras despesas correntes;2644110,68;26423
20TP ATIVOS CIVIS DA UNIAO;1 - Pessoal e Encargos Sociais;157746977;26423
212B BENEFICIOS OBRIGATORIOS AOS SERVIDORES CIVIS, EMPREGADOS, MI;3 - outras despesas correntes;8356191,42;26423
00PW CONTRIBUICOES A ENTIDADES NACIONAIS SEM EXIGENCIA DE PROGRAM;3 - outras despesas correntes;57994;26423
20RG REESTRUTURACAO E MODERNIZACAO DAS INSTITUICOES DA REDE FEDER;4 - Investimentos;13276,01;26423
20RL FUNCIONAMENTO DAS INSTITUICOES DA REDE FEDERAL DE EDUCACAO P;4 - Investimentos;2608168,91;26423
20RL FUNCIONAMENTO DAS INSTITUICOES DA REDE FEDERAL DE EDUCACAO P;3 - outras despesas correntes;22559434,07;26423
2994 ASSISTENCIA AOS ESTUDANTES DAS INSTITUICOES FEDERAIS DE EDUC;3 - outras despesas correntes;7154832,69;26423
4572 CAPACITACAO DE SERVIDORES PUBLICOS FEDERAIS EM PROCESSO DE Q;3 - outras despesas correntes;128123,03;26423
20RG REESTRUTURACAO E MODERNIZACAO DAS INSTITUICOES DA REDE FEDER;4 - Investimentos;545903,31;26423
20RL FUNCIONAMENTO DAS INSTITUICOES DA REDE FEDERAL DE EDUCACAO P;4 - Investimentos;181962,26;26423
09HB CONTRIBUICAO DA UNIAO, DE SUAS AUTARQUIAS E FUNDACOES PARA O;1 - Pessoal e Encargos Sociais;31140636,68;26424
0005 SENTENCAS JUDICIAIS TRANSITADAS EM JULGADO (PRECATORIOS);3 - outras despesas correntes;96564,32;26424
0005 SENTENCAS JUDICIAIS TRANSITADAS EM JULGADO (PRECATORIOS);1 - Pessoal e Encargos Sociais;207093,39;26424
0181 APOSENTADORIAS E PENSOES CIVIS DA UNIAO;1 - Pessoal e Encargos Sociais;4351397,25;26424
2004 ASSISTENCIA MEDICA E ODONTOLOGICA AOS SERVIDORES CIVIS, EMPR;3 - outras despesas correntes;2716892,71;26424
20TP ATIVOS CIVIS DA UNIAO;1 - Pessoal e Encargos Sociais;163960588,4;26424
212B BENEFICIOS OBRIGATORIOS AOS SERVIDORES CIVIS, EMPREGADOS, MI;3 - outras despesas correntes;8714697,09;26424
00PW CONTRIBUICOES A ENTIDADES NACIONAIS SEM EXIGENCIA DE PROGRAM;3 - outras despesas correntes;49592;26424
20RL FUNCIONAMENTO DAS INSTITUICOES DA REDE FEDERAL DE EDUCACAO P;4 - Investimentos;1448829,42;26424
20RL FUNCIONAMENTO DAS INSTITUICOES DA REDE FEDERAL DE EDUCACAO P;3 - outras despesas correntes;23099656,32;26424
2994 ASSISTENCIA AOS ESTUDANTES DAS INSTITUICOES FEDERAIS DE EDUC;3 - outras despesas correntes;6935262,62;26424
4572 CAPACITACAO DE SERVIDORES PUBLICOS FEDERAIS EM PROCESSO DE Q;3 - outras despesas correntes;562513,93;26424
20RG REESTRUTURACAO E MODERNIZACAO DAS INSTITUICOES DA REDE FEDER;4 - Investimentos;376376,51;26424
09HB CONTRIBUICAO DA UNIAO, DE SUAS AUTARQUIAS E FUNDACOES PARA O;1 - Pessoal e Encargos Sociais;15649682,34;26401
0181 APOSENTADORIAS E PENSOES CIVIS DA UNIAO;1 - Pessoal e Encargos Sociais;547605,45;26401
2004 ASSISTENCIA MEDICA E ODONTOLOGICA AOS SERVIDORES CIVIS, EMPR;3 - outras despesas correntes;447630;26401
20TP ATIVOS CIVIS DA UNIAO;1 - Pessoal e Encargos Sociais;81764632,73;26401
212B BENEFICIOS OBRIGATORIOS AOS SERVIDORES CIVIS, EMPREGADOS, MI;3 - outras despesas correntes;4887356,28;26401
00PW CONTRIBUICOES A ENTIDADES NACIONAIS SEM EXIGENCIA DE PROGRAM;3 - outras despesas correntes;28631,94;26401
20RG REESTRUTURACAO E MODERNIZACAO DAS INSTITUICOES DA REDE FEDER;4 - Investimentos;840079,9;26401
20RL FUNCIONAMENTO DAS INSTITUICOES DA REDE FEDERAL DE EDUCACAO P;4 - Investimentos;1718752,59;26401
20RL FUNCIONAMENTO DAS INSTITUICOES DA REDE FEDERAL DE EDUCACAO P;3 - outras despesas correntes;10372180,1;26401
216H AJUDA DE CUSTO PARA MORADIA OU AUXILIO-MORADIA A AGENTES PUB;3 - outras despesas correntes;28331,74;26401
21B3 FOMENTO AS ACOES DE PESQUISA, EXTENSAO E INOVACAO NAS INSTIT;3 - outras despesas correntes;186943,92;26401
2994 ASSISTENCIA AOS ESTUDANTES DAS INSTITUICOES FEDERAIS DE EDUC;3 - outras despesas correntes;2125782,5;26401
4572 CAPACITACAO DE SERVIDORES PUBLICOS FEDERAIS EM PROCESSO DE Q;3 - outras despesas correntes;63292,96;26401
6380 FOMENTO AO DESENVOLVIMENTO DA EDUCACAO PROFISSIONAL E TECNOL;3 - outras despesas correntes;210161,08;26401
20RG REESTRUTURACAO E MODERNIZACAO DAS INSTITUICOES DA REDE FEDER;4 - Investimentos;1070678,51;26401
20RL FUNCIONAMENTO DAS INSTITUICOES DA REDE FEDERAL DE EDUCACAO P;4 - Investimentos;369365,65;26401
20RL FUNCIONAMENTO DAS INSTITUICOES DA REDE FEDERAL DE EDUCACAO P;3 - outras despesas correntes;211054,19;26401
6380 FOMENTO AO DESENVOLVIMENTO DA EDUCACAO PROFISSIONAL E TECNOL;4 - Investimentos;116527,53;26401
6380 FOMENTO AO DESENVOLVIMENTO DA EDUCACAO PROFISSIONAL E TECNOL;3 - outras despesas correntes;18374,5;26401
20RG REESTRUTURACAO E MODERNIZACAO DAS INSTITUICOES DA REDE FEDER;4 - Investimentos;111620,49;26401
20RG REESTRUTURACAO E MODERNIZACAO DAS INSTITUICOES DA REDE FEDER;3 - outras despesas correntes;453449,99;26401
09HB CONTRIBUICAO DA UNIAO, DE SUAS AUTARQUIAS E FUNDACOES PARA O;1 - Pessoal e Encargos Sociais;11382617,64;26426
0181 APOSENTADORIAS E PENSOES CIVIS DA UNIAO;1 - Pessoal e Encargos Sociais;551468,38;26426
2004 ASSISTENCIA MEDICA E ODONTOLOGICA AOS SERVIDORES CIVIS, EMPR;3 - outras despesas correntes;569137,4;26426
20TP ATIVOS CIVIS DA UNIAO;1 - Pessoal e Encargos Sociais;65495296,63;26426
212B BENEFICIOS OBRIGATORIOS AOS SERVIDORES CIVIS, EMPREGADOS, MI;3 - outras despesas correntes;4370686,61;26426
00PW CONTRIBUICOES A ENTIDADES NACIONAIS SEM EXIGENCIA DE PROGRAM;3 - outras despesas correntes;23048;26426
20RG REESTRUTURACAO E MODERNIZACAO DAS INSTITUICOES DA REDE FEDER;4 - Investimentos;684360;26426
20RG REESTRUTURACAO E MODERNIZACAO DAS INSTITUICOES DA REDE FEDER;3 - outras despesas correntes;39820,5;26426
20RL FUNCIONAMENTO DAS INSTITUICOES DA REDE FEDERAL DE EDUCACAO P;4 - Investimentos;3891450,24;26426
20RL FUNCIONAMENTO DAS INSTITUICOES DA REDE FEDERAL DE EDUCACAO P;3 - outras despesas correntes;9057486,22;26426
216H AJUDA DE CUSTO PARA MORADIA OU AUXILIO-MORADIA A AGENTES PUB;3 - outras despesas correntes;5178;26426
21B3 FOMENTO AS ACOES DE PESQUISA, EXTENSAO E INOVACAO NAS INSTIT;3 - outras despesas correntes;226152,6;26426
2994 ASSISTENCIA AOS ESTUDANTES DAS INSTITUICOES FEDERAIS DE EDUC;3 - outras despesas correntes;2280854;26426
4572 CAPACITACAO DE SERVIDORES PUBLICOS FEDERAIS EM PROCESSO DE Q;3 - outras despesas correntes;176260,7;26426
6380 FOMENTO AO DESENVOLVIMENTO DA EDUCACAO PROFISSIONAL E TECNOL;3 - outras despesas correntes;29335,99;26426
20RG REESTRUTURACAO E MODERNIZACAO DAS INSTITUICOES DA REDE FEDER;4 - Investimentos;660422,93;26426
20RL FUNCIONAMENTO DAS INSTITUICOES DA REDE FEDERAL DE EDUCACAO P;3 - outras despesas correntes;382702,32;26426
09HB CONTRIBUICAO DA UNIAO, DE SUAS AUTARQUIAS E FUNDACOES PARA O;1 - Pessoal e Encargos Sociais;73582355,35;26427
0005 SENTENCAS JUDICIAIS TRANSITADAS EM JULGADO (PRECATORIOS);3 - outras despesas correntes;99647,09;26427
0005 SENTENCAS JUDICIAIS TRANSITADAS EM JULGADO (PRECATORIOS);1 - Pessoal e Encargos Sociais;936725,52;26427
0181 APOSENTADORIAS E PENSOES CIVIS DA UNIAO;1 - Pessoal e Encargos Sociais;70021285,61;26427
2004 ASSISTENCIA MEDICA E ODONTOLOGICA AOS SERVIDORES CIVIS, EMPR;3 - outras despesas correntes;4235366,24;26427
20TP ATIVOS CIVIS DA UNIAO;1 - Pessoal e Encargos Sociais;368000192,7;26427
212B BENEFICIOS OBRIGATORIOS AOS SERVIDORES CIVIS, EMPREGADOS, MI;3 - outras despesas correntes;18367430,53;26427
00PW CONTRIBUICOES A ENTIDADES NACIONAIS SEM EXIGENCIA DE PROGRAM;3 - outras despesas correntes;86990;26427
20RG REESTRUTURACAO E MODERNIZACAO DAS INSTITUICOES DA REDE FEDER;4 - Investimentos;3275213,72;26427
20RL FUNCIONAMENTO DAS INSTITUICOES DA REDE FEDERAL DE EDUCACAO P;4 - Investimentos;138051,44;26427
20RL FUNCIONAMENTO DAS INSTITUICOES DA REDE FEDERAL DE EDUCACAO P;3 - outras despesas correntes;46957357,87;26427
216H AJUDA DE CUSTO PARA MORADIA OU AUXILIO-MORADIA A AGENTES PUB;3 - outras despesas correntes;84997,9;26427
2994 ASSISTENCIA AOS ESTUDANTES DAS INSTITUICOES FEDERAIS DE EDUC;3 - outras despesas correntes;21331559,05;26427
4572 CAPACITACAO DE SERVIDORES PUBLICOS FEDERAIS EM PROCESSO DE Q;3 - outras despesas correntes;135515,04;26427
20RG REESTRUTURACAO E MODERNIZACAO DAS INSTITUICOES DA REDE FEDER;4 - Investimentos;307350,8;26427
20RL FUNCIONAMENTO DAS INSTITUICOES DA REDE FEDERAL DE EDUCACAO P;4 - Investimentos;507308,3;26427
20RL FUNCIONAMENTO DAS INSTITUICOES DA REDE FEDERAL DE EDUCACAO P;3 - outras despesas correntes;550899,97;26427
6380 FOMENTO AO DESENVOLVIMENTO DA EDUCACAO PROFISSIONAL E TECNOL;3 - outras despesas correntes;9602,91;26427
09HB CONTRIBUICAO DA UNIAO, DE SUAS AUTARQUIAS E FUNDACOES PARA O;1 - Pessoal e Encargos Sociais;31071956,11;26428
0181 APOSENTADORIAS E PENSOES CIVIS DA UNIAO;1 - Pessoal e Encargos Sociais;2576412,99;26428
2004 ASSISTENCIA MEDICA E ODONTOLOGICA AOS SERVIDORES CIVIS, EMPR;3 - outras despesas correntes;1549181,37;26428
20TP ATIVOS CIVIS DA UNIAO;1 - Pessoal e Encargos Sociais;164057242,6;26428
212B BENEFICIOS OBRIGATORIOS AOS SERVIDORES CIVIS, EMPREGADOS, MI;3 - outras despesas correntes;8770370,96;26428
00PW CONTRIBUICOES A ENTIDADES NACIONAIS SEM EXIGENCIA DE PROGRAM;3 - outras despesas correntes;43588;26428
20RG REESTRUTURACAO E MODERNIZACAO DAS INSTITUICOES DA REDE FEDER;4 - Investimentos;1460677,15;26428
20RL FUNCIONAMENTO DAS INSTITUICOES DA REDE FEDERAL DE EDUCACAO P;4 - Investimentos;2947636,82;26428
20RL FUNCIONAMENTO DAS INSTITUICOES DA REDE FEDERAL DE EDUCACAO P;3 - outras despesas correntes;25817703,57;26428
2994 ASSISTENCIA AOS ESTUDANTES DAS INSTITUICOES FEDERAIS DE EDUC;4 - Investimentos;423360,14;26428
2994 ASSISTENCIA AOS ESTUDANTES DAS INSTITUICOES FEDERAIS DE EDUC;3 - outras despesas correntes;5919456,07;26428
4572 CAPACITACAO DE SERVIDORES PUBLICOS FEDERAIS EM PROCESSO DE Q;3 - outras despesas correntes;210604,77;26428
20RG REESTRUTURACAO E MODERNIZACAO DAS INSTITUICOES DA REDE FEDER;4 - Investimentos;990774;26428
20RG REESTRUTURACAO E MODERNIZACAO DAS INSTITUICOES DA REDE FEDER;3 - outras despesas correntes;30000;26428
20RL FUNCIONAMENTO DAS INSTITUICOES DA REDE FEDERAL DE EDUCACAO P;3 - outras despesas correntes;77517,12;26428
20RG REESTRUTURACAO E MODERNIZACAO DAS INSTITUICOES DA REDE FEDER;4 - Investimentos;101174,55;26428
09HB CONTRIBUICAO DA UNIAO, DE SUAS AUTARQUIAS E FUNDACOES PARA O;1 - Pessoal e Encargos Sociais;59921559,87;26429
0005 SENTENCAS JUDICIAIS TRANSITADAS EM JULGADO (PRECATORIOS);3 - outras despesas correntes;232732,86;26429
0005 SENTENCAS JUDICIAIS TRANSITADAS EM JULGADO (PRECATORIOS);1 - Pessoal e Encargos Sociais;4496461,61;26429
0181 APOSENTADORIAS E PENSOES CIVIS DA UNIAO;1 - Pessoal e Encargos Sociais;62372824,13;26429
2004 ASSISTENCIA MEDICA E ODONTOLOGICA AOS SERVIDORES CIVIS, EMPR;3 - outras despesas correntes;5134633,07;26429
20TP ATIVOS CIVIS DA UNIAO;1 - Pessoal e Encargos Sociais;295394514,7;26429
212B BENEFICIOS OBRIGATORIOS AOS SERVIDORES CIVIS, EMPREGADOS, MI;3 - outras despesas correntes;13912100,58;26429
00PW CONTRIBUICOES A ENTIDADES NACIONAIS SEM EXIGENCIA DE PROGRAM;3 - outras despesas correntes;60806;26429
20RL FUNCIONAMENTO DAS INSTITUICOES DA REDE FEDERAL DE EDUCACAO P;4 - Investimentos;2273140,74;26429
20RL FUNCIONAMENTO DAS INSTITUICOES DA REDE FEDERAL DE EDUCACAO P;3 - outras despesas correntes;32742305,99;26429
2994 ASSISTENCIA AOS ESTUDANTES DAS INSTITUICOES FEDERAIS DE EDUC;3 - outras despesas correntes;8021119,99;26429
4572 CAPACITACAO DE SERVIDORES PUBLICOS FEDERAIS EM PROCESSO DE Q;3 - outras despesas correntes;482361,97;26429
20RG REESTRUTURACAO E MODERNIZACAO DAS INSTITUICOES DA REDE FEDER;4 - Investimentos;2673860,79;26429
20RG REESTRUTURACAO E MODERNIZACAO DAS INSTITUICOES DA REDE FEDER;3 - outras despesas correntes;53460;26429
20RL FUNCIONAMENTO DAS INSTITUICOES DA REDE FEDERAL DE EDUCACAO P;4 - Investimentos;9420,4;26429
09HB CONTRIBUICAO DA UNIAO, DE SUAS AUTARQUIAS E FUNDACOES PARA O;1 - Pessoal e Encargos Sociais;24110978,8;26430
0005 SENTENCAS JUDICIAIS TRANSITADAS EM JULGADO (PRECATORIOS);3 - outras despesas correntes;237006,23;26430
0005 SENTENCAS JUDICIAIS TRANSITADAS EM JULGADO (PRECATORIOS);1 - Pessoal e Encargos Sociais;3561750,04;26430
0181 APOSENTADORIAS E PENSOES CIVIS DA UNIAO;1 - Pessoal e Encargos Sociais;11970986,09;26430
2004 ASSISTENCIA MEDICA E ODONTOLOGICA AOS SERVIDORES CIVIS, EMPR;3 - outras despesas correntes;2268452,77;26430
20TP ATIVOS CIVIS DA UNIAO;1 - Pessoal e Encargos Sociais;123326333,3;26430
212B BENEFICIOS OBRIGATORIOS AOS SERVIDORES CIVIS, EMPREGADOS, MI;3 - outras despesas correntes;6784142,21;26430
00PW CONTRIBUICOES A ENTIDADES NACIONAIS SEM EXIGENCIA DE PROGRAM;3 - outras despesas correntes;30838;26430
20RG REESTRUTURACAO E MODERNIZACAO DAS INSTITUICOES DA REDE FEDER;4 - Investimentos;2203308,31;26430
20RL FUNCIONAMENTO DAS INSTITUICOES DA REDE FEDERAL DE EDUCACAO P;4 - Investimentos;37157,4;26430
20RL FUNCIONAMENTO DAS INSTITUICOES DA REDE FEDERAL DE EDUCACAO P;3 - outras despesas correntes;14836563,1;26430
216H AJUDA DE CUSTO PARA MORADIA OU AUXILIO-MORADIA A AGENTES PUB;3 - outras despesas correntes;10000;26430
21B3 FOMENTO AS ACOES DE PESQUISA, EXTENSAO E INOVACAO NAS INSTIT;3 - outras despesas correntes;694915,98;26430
2994 ASSISTENCIA AOS ESTUDANTES DAS INSTITUICOES FEDERAIS DE EDUC;3 - outras despesas correntes;5152259,61;26430
4572 CAPACITACAO DE SERVIDORES PUBLICOS FEDERAIS EM PROCESSO DE Q;3 - outras despesas correntes;575029,16;26430
20RG REESTRUTURACAO E MODERNIZACAO DAS INSTITUICOES DA REDE FEDER;4 - Investimentos;499952;26430
09HB CONTRIBUICAO DA UNIAO, DE SUAS AUTARQUIAS E FUNDACOES PARA O;1 - Pessoal e Encargos Sociais;56023235,6;26431
0005 SENTENCAS JUDICIAIS TRANSITADAS EM JULGADO (PRECATORIOS);1 - Pessoal e Encargos Sociais;209815,37;26431
0181 APOSENTADORIAS E PENSOES CIVIS DA UNIAO;1 - Pessoal e Encargos Sociais;46145996,43;26431
2004 ASSISTENCIA MEDICA E ODONTOLOGICA AOS SERVIDORES CIVIS, EMPR;3 - outras despesas correntes;5789074,56;26431
20TP ATIVOS CIVIS DA UNIAO;1 - Pessoal e Encargos Sociais;291814945,1;26431
212B BENEFICIOS OBRIGATORIOS AOS SERVIDORES CIVIS, EMPREGADOS, MI;3 - outras despesas correntes;15304134,97;26431
00PW CONTRIBUICOES A ENTIDADES NACIONAIS SEM EXIGENCIA DE PROGRAM;3 - outras despesas correntes;69914;26431
20RG REESTRUTURACAO E MODERNIZACAO DAS INSTITUICOES DA REDE FEDER;4 - Investimentos;1728455,52;26431
20RL FUNCIONAMENTO DAS INSTITUICOES DA REDE FEDERAL DE EDUCACAO P;4 - Investimentos;25041,16;26431
20RL FUNCIONAMENTO DAS INSTITUICOES DA REDE FEDERAL DE EDUCACAO P;3 - outras despesas correntes;33616078,42;26431
2994 ASSISTENCIA AOS ESTUDANTES DAS INSTITUICOES FEDERAIS DE EDUC;3 - outras despesas correntes;9831011,47;26431
4572 CAPACITACAO DE SERVIDORES PUBLICOS FEDERAIS EM PROCESSO DE Q;3 - outras despesas correntes;92186,15;26431
6380 FOMENTO AO DESENVOLVIMENTO DA EDUCACAO PROFISSIONAL E TECNOL;3 - outras despesas correntes;55072,51;26431
09HB CONTRIBUICAO DA UNIAO, DE SUAS AUTARQUIAS E FUNDACOES PARA O;1 - Pessoal e Encargos Sociais;54853900,17;26432
0005 SENTENCAS JUDICIAIS TRANSITADAS EM JULGADO (PRECATORIOS);1 - Pessoal e Encargos Sociais;269102,17;26432
0181 APOSENTADORIAS E PENSOES CIVIS DA UNIAO;1 - Pessoal e Encargos Sociais;7173077,94;26432
2004 ASSISTENCIA MEDICA E ODONTOLOGICA AOS SERVIDORES CIVIS, EMPR;3 - outras despesas correntes;4354168,42;26432
20TP ATIVOS CIVIS DA UNIAO;1 - Pessoal e Encargos Sociais;302811132,4;26432
212B BENEFICIOS OBRIGATORIOS AOS SERVIDORES CIVIS, EMPREGADOS, MI;3 - outras despesas correntes;14829822,75;26432
00PW CONTRIBUICOES A ENTIDADES NACIONAIS SEM EXIGENCIA DE PROGRAM;3 - outras despesas correntes;70899;26432
20RG REESTRUTURACAO E MODERNIZACAO DAS INSTITUICOES DA REDE FEDER;4 - Investimentos;1917596,5;26432
20RL FUNCIONAMENTO DAS INSTITUICOES DA REDE FEDERAL DE EDUCACAO P;4 - Investimentos;7946267,65;26432
20RL FUNCIONAMENTO DAS INSTITUICOES DA REDE FEDERAL DE EDUCACAO P;3 - outras despesas correntes;34992614,29;26432
216H AJUDA DE CUSTO PARA MORADIA OU AUXILIO-MORADIA A AGENTES PUB;3 - outras despesas correntes;195668;26432
2994 ASSISTENCIA AOS ESTUDANTES DAS INSTITUICOES FEDERAIS DE EDUC;4 - Investimentos;71624,85;26432
2994 ASSISTENCIA AOS ESTUDANTES DAS INSTITUICOES FEDERAIS DE EDUC;3 - outras despesas correntes;10073896,44;26432
4572 CAPACITACAO DE SERVIDORES PUBLICOS FEDERAIS EM PROCESSO DE Q;3 - outras despesas correntes;178440,64;26432
20RG REESTRUTURACAO E MODERNIZACAO DAS INSTITUICOES DA REDE FEDER;4 - Investimentos;2315209,16;26432
20RL FUNCIONAMENTO DAS INSTITUICOES DA REDE FEDERAL DE EDUCACAO P;4 - Investimentos;741900,36;26432
20RL FUNCIONAMENTO DAS INSTITUICOES DA REDE FEDERAL DE EDUCACAO P;3 - outras despesas correntes;523855,53;26432
20RG REESTRUTURACAO E MODERNIZACAO DAS INSTITUICOES DA REDE FEDER;4 - Investimentos;1772672,64;26432
09HB CONTRIBUICAO DA UNIAO, DE SUAS AUTARQUIAS E FUNDACOES PARA O;1 - Pessoal e Encargos Sociais;57021172,89;26433
0005 SENTENCAS JUDICIAIS TRANSITADAS EM JULGADO (PRECATORIOS);1 - Pessoal e Encargos Sociais;280707,7;26433
0181 APOSENTADORIAS E PENSOES CIVIS DA UNIAO;1 - Pessoal e Encargos Sociais;53843588,52;26433
0536 BENEFICIOS E PENSOES INDENIZATORIAS DECORRENTES DE LEGISLACA;3 - outras despesas correntes;3394,75;26433
2004 ASSISTENCIA MEDICA E ODONTOLOGICA AOS SERVIDORES CIVIS, EMPR;3 - outras despesas correntes;2672087,81;26433
20TP ATIVOS CIVIS DA UNIAO;1 - Pessoal e Encargos Sociais;264976849,3;26433
212B BENEFICIOS OBRIGATORIOS AOS SERVIDORES CIVIS, EMPREGADOS, MI;3 - outras despesas correntes;13255918,38;26433
00PW CONTRIBUICOES A ENTIDADES NACIONAIS SEM EXIGENCIA DE PROGRAM;3 - outras despesas correntes;55759;26433
20RG REESTRUTURACAO E MODERNIZACAO DAS INSTITUICOES DA REDE FEDER;4 - Investimentos;562425,25;26433
20RL FUNCIONAMENTO DAS INSTITUICOES DA REDE FEDERAL DE EDUCACAO P;4 - Investimentos;94279,39;26433
20RL FUNCIONAMENTO DAS INSTITUICOES DA REDE FEDERAL DE EDUCACAO P;3 - outras despesas correntes;29432426,67;26433
216H AJUDA DE CUSTO PARA MORADIA OU AUXILIO-MORADIA A AGENTES PUB;3 - outras despesas correntes;57532,76;26433
2994 ASSISTENCIA AOS ESTUDANTES DAS INSTITUICOES FEDERAIS DE EDUC;3 - outras despesas correntes;6793497,07;26433
4572 CAPACITACAO DE SERVIDORES PUBLICOS FEDERAIS EM PROCESSO DE Q;3 - outras despesas correntes;155177,54;26433
20RG REESTRUTURACAO E MODERNIZACAO DAS INSTITUICOES DA REDE FEDER;4 - Investimentos;1753246,39;26433
20RL FUNCIONAMENTO DAS INSTITUICOES DA REDE FEDERAL DE EDUCACAO P;4 - Investimentos;641627,01;26433
20RL FUNCIONAMENTO DAS INSTITUICOES DA REDE FEDERAL DE EDUCACAO P;3 - outras despesas correntes;735103,84;26433
2994 ASSISTENCIA AOS ESTUDANTES DAS INSTITUICOES FEDERAIS DE EDUC;3 - outras despesas correntes;347933,48;26433
20RG REESTRUTURACAO E MODERNIZACAO DAS INSTITUICOES DA REDE FEDER;4 - Investimentos;20495845,68;26433
09HB CONTRIBUICAO DA UNIAO, DE SUAS AUTARQUIAS E FUNDACOES PARA O;1 - Pessoal e Encargos Sociais;46395900,46;26434
0005 SENTENCAS JUDICIAIS TRANSITADAS EM JULGADO (PRECATORIOS);1 - Pessoal e Encargos Sociais;69506472,8;26434
0181 APOSENTADORIAS E PENSOES CIVIS DA UNIAO;1 - Pessoal e Encargos Sociais;81060784,77;26434
2004 ASSISTENCIA MEDICA E ODONTOLOGICA AOS SERVIDORES CIVIS, EMPR;3 - outras despesas correntes;3633132,13;26434
20TP ATIVOS CIVIS DA UNIAO;1 - Pessoal e Encargos Sociais;233470455,8;26434
212B BENEFICIOS OBRIGATORIOS AOS SERVIDORES CIVIS, EMPREGADOS, MI;3 - outras despesas correntes;10989974,25;26434
00PW CONTRIBUICOES A ENTIDADES NACIONAIS SEM EXIGENCIA DE PROGRAM;3 - outras despesas correntes;70906;26434
20RL FUNCIONAMENTO DAS INSTITUICOES DA REDE FEDERAL DE EDUCACAO P;4 - Investimentos;1699829,61;26434
20RL FUNCIONAMENTO DAS INSTITUICOES DA REDE FEDERAL DE EDUCACAO P;3 - outras despesas correntes;39681065,41;26434
216H AJUDA DE CUSTO PARA MORADIA OU AUXILIO-MORADIA A AGENTES PUB;3 - outras despesas correntes;52235;26434
2994 ASSISTENCIA AOS ESTUDANTES DAS INSTITUICOES FEDERAIS DE EDUC;3 - outras despesas correntes;11434792,59;26434
4572 CAPACITACAO DE SERVIDORES PUBLICOS FEDERAIS EM PROCESSO DE Q;3 - outras despesas correntes;545840,34;26434
20RG REESTRUTURACAO E MODERNIZACAO DAS INSTITUICOES DA REDE FEDER;4 - Investimentos;3297001,38;26434
20RG REESTRUTURACAO E MODERNIZACAO DAS INSTITUICOES DA REDE FEDER;3 - outras despesas correntes;99361,49;26434
20RL FUNCIONAMENTO DAS INSTITUICOES DA REDE FEDERAL DE EDUCACAO P;4 - Investimentos;559123,29;26434
20RL FUNCIONAMENTO DAS INSTITUICOES DA REDE FEDERAL DE EDUCACAO P;3 - outras despesas correntes;154736,67;26434
09HB CONTRIBUICAO DA UNIAO, DE SUAS AUTARQUIAS E FUNDACOES PARA O;1 - Pessoal e Encargos Sociais;76967784;26435
0005 SENTENCAS JUDICIAIS TRANSITADAS EM JULGADO (PRECATORIOS);3 - outras despesas correntes;367931,96;26435
0005 SENTENCAS JUDICIAIS TRANSITADAS EM JULGADO (PRECATORIOS);1 - Pessoal e Encargos Sociais;539004,19;26435
0181 APOSENTADORIAS E PENSOES CIVIS DA UNIAO;1 - Pessoal e Encargos Sociais;71432276,83;26435
2004 ASSISTENCIA MEDICA E ODONTOLOGICA AOS SERVIDORES CIVIS, EMPR;3 - outras despesas correntes;7229324,79;26435
20TP ATIVOS CIVIS DA UNIAO;1 - Pessoal e Encargos Sociais;387826860,6;26435
212B BENEFICIOS OBRIGATORIOS AOS SERVIDORES CIVIS, EMPREGADOS, MI;3 - outras despesas correntes;19336703,56;26435
00PW CONTRIBUICOES A ENTIDADES NACIONAIS SEM EXIGENCIA DE PROGRAM;3 - outras despesas correntes;32473;26435
20RG REESTRUTURACAO E MODERNIZACAO DAS INSTITUICOES DA REDE FEDER;4 - Investimentos;2177701,8;26435
20RL FUNCIONAMENTO DAS INSTITUICOES DA REDE FEDERAL DE EDUCACAO P;4 - Investimentos;3268034,6;26435
20RL FUNCIONAMENTO DAS INSTITUICOES DA REDE FEDERAL DE EDUCACAO P;3 - outras despesas correntes;49351398,03;26435
216H AJUDA DE CUSTO PARA MORADIA OU AUXILIO-MORADIA A AGENTES PUB;3 - outras despesas correntes;12151;26435
2994 ASSISTENCIA AOS ESTUDANTES DAS INSTITUICOES FEDERAIS DE EDUC;4 - Investimentos;1485027,92;26435
2994 ASSISTENCIA AOS ESTUDANTES DAS INSTITUICOES FEDERAIS DE EDUC;3 - outras despesas correntes;19535046,17;26435
4572 CAPACITACAO DE SERVIDORES PUBLICOS FEDERAIS EM PROCESSO DE Q;3 - outras despesas correntes;1858409,92;26435
20RG REESTRUTURACAO E MODERNIZACAO DAS INSTITUICOES DA REDE FEDER;4 - Investimentos;1225124,34;26435
2994 ASSISTENCIA AOS ESTUDANTES DAS INSTITUICOES FEDERAIS DE EDUC;3 - outras despesas correntes;387099,91;26435
20RG REESTRUTURACAO E MODERNIZACAO DAS INSTITUICOES DA REDE FEDER;4 - Investimentos;579185,13;26435
09HB CONTRIBUICAO DA UNIAO, DE SUAS AUTARQUIAS E FUNDACOES PARA O;1 - Pessoal e Encargos Sociais;56707136,65;26436
0005 SENTENCAS JUDICIAIS TRANSITADAS EM JULGADO (PRECATORIOS);3 - outras despesas correntes;81879,72;26436
0005 SENTENCAS JUDICIAIS TRANSITADAS EM JULGADO (PRECATORIOS);1 - Pessoal e Encargos Sociais;3358042,98;26436
0181 APOSENTADORIAS E PENSOES CIVIS DA UNIAO;1 - Pessoal e Encargos Sociais;71930404,22;26436
2004 ASSISTENCIA MEDICA E ODONTOLOGICA AOS SERVIDORES CIVIS, EMPR;3 - outras despesas correntes;4336882,28;26436
20TP ATIVOS CIVIS DA UNIAO;1 - Pessoal e Encargos Sociais;265657133,9;26436
212B BENEFICIOS OBRIGATORIOS AOS SERVIDORES CIVIS, EMPREGADOS, MI;3 - outras despesas correntes;12713174,26;26436
00PW CONTRIBUICOES A ENTIDADES NACIONAIS SEM EXIGENCIA DE PROGRAM;3 - outras despesas correntes;64753;26436
20RG REESTRUTURACAO E MODERNIZACAO DAS INSTITUICOES DA REDE FEDER;4 - Investimentos;1994662,1;26436
20RL FUNCIONAMENTO DAS INSTITUICOES DA REDE FEDERAL DE EDUCACAO P;4 - Investimentos;2340423,71;26436
20RL FUNCIONAMENTO DAS INSTITUICOES DA REDE FEDERAL DE EDUCACAO P;3 - outras despesas correntes;32479007,19;26436
216H AJUDA DE CUSTO PARA MORADIA OU AUXILIO-MORADIA A AGENTES PUB;3 - outras despesas correntes;27200;26436
2994 ASSISTENCIA AOS ESTUDANTES DAS INSTITUICOES FEDERAIS DE EDUC;3 - outras despesas correntes;9942634,94;26436
4572 CAPACITACAO DE SERVIDORES PUBLICOS FEDERAIS EM PROCESSO DE Q;3 - outras despesas correntes;523399,58;26436
20RG REESTRUTURACAO E MODERNIZACAO DAS INSTITUICOES DA REDE FEDER;4 - Investimentos;716184,97;26436
20RL FUNCIONAMENTO DAS INSTITUICOES DA REDE FEDERAL DE EDUCACAO P;3 - outras despesas correntes;287112,38;26436
09HB CONTRIBUICAO DA UNIAO, DE SUAS AUTARQUIAS E FUNDACOES PARA O;1 - Pessoal e Encargos Sociais;13605209,44;26437
0181 APOSENTADORIAS E PENSOES CIVIS DA UNIAO;1 - Pessoal e Encargos Sociais;18009490,88;26437
2004 ASSISTENCIA MEDICA E ODONTOLOGICA AOS SERVIDORES CIVIS, EMPR;3 - outras despesas correntes;1196393,11;26437
20TP ATIVOS CIVIS DA UNIAO;1 - Pessoal e Encargos Sociais;77893151,67;26437
212B BENEFICIOS OBRIGATORIOS AOS SERVIDORES CIVIS, EMPREGADOS, MI;3 - outras despesas correntes;4710261,92;26437
00PW CONTRIBUICOES A ENTIDADES NACIONAIS SEM EXIGENCIA DE PROGRAM;3 - outras despesas correntes;24651;26437
20RG REESTRUTURACAO E MODERNIZACAO DAS INSTITUICOES DA REDE FEDER;4 - Investimentos;5203,21;26437
20RL FUNCIONAMENTO DAS INSTITUICOES DA REDE FEDERAL DE EDUCACAO P;4 - Investimentos;1802326,63;26437
20RL FUNCIONAMENTO DAS INSTITUICOES DA REDE FEDERAL DE EDUCACAO P;3 - outras despesas correntes;11733133,75;26437
2994 ASSISTENCIA AOS ESTUDANTES DAS INSTITUICOES FEDERAIS DE EDUC;3 - outras despesas correntes;676348,79;26437
4572 CAPACITACAO DE SERVIDORES PUBLICOS FEDERAIS EM PROCESSO DE Q;3 - outras despesas correntes;284338,46;26437
20RG REESTRUTURACAO E MODERNIZACAO DAS INSTITUICOES DA REDE FEDER;4 - Investimentos;1154740,38;26437
20RL FUNCIONAMENTO DAS INSTITUICOES DA REDE FEDERAL DE EDUCACAO P;4 - Investimentos;330017,52;26437
09HB CONTRIBUICAO DA UNIAO, DE SUAS AUTARQUIAS E FUNDACOES PARA O;1 - Pessoal e Encargos Sociais;72264525,45;26438
0005 SENTENCAS JUDICIAIS TRANSITADAS EM JULGADO (PRECATORIOS);3 - outras despesas correntes;41129,84;26438
0005 SENTENCAS JUDICIAIS TRANSITADAS EM JULGADO (PRECATORIOS);1 - Pessoal e Encargos Sociais;8027612,33;26438
0181 APOSENTADORIAS E PENSOES CIVIS DA UNIAO;1 - Pessoal e Encargos Sociais;77958690,6;26438
2004 ASSISTENCIA MEDICA E ODONTOLOGICA AOS SERVIDORES CIVIS, EMPR;3 - outras despesas correntes;5599847,3;26438
20TP ATIVOS CIVIS DA UNIAO;1 - Pessoal e Encargos Sociais;378814169;26438
212B BENEFICIOS OBRIGATORIOS AOS SERVIDORES CIVIS, EMPREGADOS, MI;3 - outras despesas correntes;18429654,77;26438
00PW CONTRIBUICOES A ENTIDADES NACIONAIS SEM EXIGENCIA DE PROGRAM;3 - outras despesas correntes;84153;26438
20RG REESTRUTURACAO E MODERNIZACAO DAS INSTITUICOES DA REDE FEDER;4 - Investimentos;1632776,23;26438
20RL FUNCIONAMENTO DAS INSTITUICOES DA REDE FEDERAL DE EDUCACAO P;4 - Investimentos;5749053,39;26438
20RL FUNCIONAMENTO DAS INSTITUICOES DA REDE FEDERAL DE EDUCACAO P;3 - outras despesas correntes;40079077,61;26438
216H AJUDA DE CUSTO PARA MORADIA OU AUXILIO-MORADIA A AGENTES PUB;3 - outras despesas correntes;30496,17;26438
2994 ASSISTENCIA AOS ESTUDANTES DAS INSTITUICOES FEDERAIS DE EDUC;4 - Investimentos;546471,79;26438
2994 ASSISTENCIA AOS ESTUDANTES DAS INSTITUICOES FEDERAIS DE EDUC;3 - outras despesas correntes;11079984,49;26438
4572 CAPACITACAO DE SERVIDORES PUBLICOS FEDERAIS EM PROCESSO DE Q;3 - outras despesas correntes;125056,59;26438
4641 PUBLICIDADE DE UTILIDADE PUBLICA;3 - outras despesas correntes;46889,47;26438
20RL FUNCIONAMENTO DAS INSTITUICOES DA REDE FEDERAL DE EDUCACAO P;3 - outras despesas correntes;205848,13;26438
09HB CONTRIBUICAO DA UNIAO, DE SUAS AUTARQUIAS E FUNDACOES PARA O;1 - Pessoal e Encargos Sociais;113339383,4;26439
0005 SENTENCAS JUDICIAIS TRANSITADAS EM JULGADO (PRECATORIOS);1 - Pessoal e Encargos Sociais;1064524,92;26439
0181 APOSENTADORIAS E PENSOES CIVIS DA UNIAO;1 - Pessoal e Encargos Sociais;67775228,69;26439
2004 ASSISTENCIA MEDICA E ODONTOLOGICA AOS SERVIDORES CIVIS, EMPR;3 - outras despesas correntes;7574726;26439
20TP ATIVOS CIVIS DA UNIAO;1 - Pessoal e Encargos Sociais;635375611,4;26439
212B BENEFICIOS OBRIGATORIOS AOS SERVIDORES CIVIS, EMPREGADOS, MI;3 - outras despesas correntes;33945275,67;26439
00PW CONTRIBUICOES A ENTIDADES NACIONAIS SEM EXIGENCIA DE PROGRAM;3 - outras despesas correntes;76306;26439
20RG REESTRUTURACAO E MODERNIZACAO DAS INSTITUICOES DA REDE FEDER;4 - Investimentos;20680672,21;26439
20RL FUNCIONAMENTO DAS INSTITUICOES DA REDE FEDERAL DE EDUCACAO P;4 - Investimentos;1496316,73;26439
20RL FUNCIONAMENTO DAS INSTITUICOES DA REDE FEDERAL DE EDUCACAO P;3 - outras despesas correntes;57719321,42;26439
216H AJUDA DE CUSTO PARA MORADIA OU AUXILIO-MORADIA A AGENTES PUB;3 - outras despesas correntes;294203,16;26439
2994 ASSISTENCIA AOS ESTUDANTES DAS INSTITUICOES FEDERAIS DE EDUC;3 - outras despesas correntes;22162876,94;26439
4572 CAPACITACAO DE SERVIDORES PUBLICOS FEDERAIS EM PROCESSO DE Q;3 - outras despesas correntes;670193,96;26439
20RG REESTRUTURACAO E MODERNIZACAO DAS INSTITUICOES DA REDE FEDER;4 - Investimentos;7862253,13;26439
20RG REESTRUTURACAO E MODERNIZACAO DAS INSTITUICOES DA REDE FEDER;3 - outras despesas correntes;1481310,51;26439
20RL FUNCIONAMENTO DAS INSTITUICOES DA REDE FEDERAL DE EDUCACAO P;4 - Investimentos;1136118,54;26439
20RL FUNCIONAMENTO DAS INSTITUICOES DA REDE FEDERAL DE EDUCACAO P;3 - outras despesas correntes;535446,2;26439
20RG REESTRUTURACAO E MODERNIZACAO DAS INSTITUICOES DA REDE FEDER;4 - Investimentos;6211035,31;26439
